,true_output1,true_output2,pred_output1,pred_output2
7272,112977.07,112998.04,101609.11073062735,101593.25798154983
7273,173786.78,173799.85,185616.72356725138,185603.2415984406
7274,43892.406,43854.05,42709.52807038839,42681.28406310685
7275,303786.19,303761.06,307448.0030952381,307425.7603296702
7276,168652.56,168614.31,156847.65178260874,156836.5041304347
7277,316916.44,316876.3,307448.0030952381,307425.7603296702
7278,287839.45,287841.48,274669.525366379,274663.15323275834
7279,166656.01,166694.65,156847.65178260874,156836.5041304347
7280,230745.37,230725.14,217929.90592885367,217921.5533399206
7281,498257.68,498212.35,485093.7721111117,485078.81402222347
7282,32745.116,32702.062,42709.52807038839,42681.28406310685
7283,484306.59,484289.5,485093.7721111117,485078.81402222347
7284,52296.884,52287.951,42709.52807038839,42681.28406310685
7285,485015.13,484973.32,485093.7721111117,485078.81402222347
7286,404066.0,404074.24,397781.09172413754,397780.57758620655
7287,214981.46,214937.26,217929.90592885367,217921.5533399206
7288,323839.3,323820.88,339634.8082961464,339626.06835699774
7289,55325.301,55211.281,42709.52807038839,42681.28406310685
7290,237891.4,237894.95,247739.99689223093,247728.81476190523
7291,73854.035,73844.871,69504.72317269086,69485.06758232943
7292,338447.41,338449.12,339634.8082961464,339626.06835699774
7293,92880.711,92906.274,101609.11073062735,101593.25798154983
7294,154500.52,154478.03,156847.65178260874,156836.5041304347
7295,178604.85,178610.07,185616.72356725138,185603.2415984406
7296,45684.252,45737.256,42709.52807038839,42681.28406310685
7297,228523.77,228491.57,217929.90592885367,217921.5533399206
7298,295098.52,295084.27,307448.0030952381,307425.7603296702
7299,168251.8,168210.37,156847.65178260874,156836.5041304347
7300,144830.33,144777.63,156847.65178260874,156836.5041304347
7301,249187.29,249177.22,247739.99689223093,247728.81476190523
7302,400986.76,401024.93,397781.09172413754,397780.57758620655
7303,308282.8,308248.47,307448.0030952381,307425.7603296702
7304,135009.21,135012.55,130154.50997333344,130144.92600000014
7305,185627.95,185601.48,185616.72356725138,185603.2415984406
7306,487305.65,487230.62,485093.7721111117,485078.81402222347
7307,228510.57,228482.61,217929.90592885367,217921.5533399206
7308,431712.6,431698.38,424338.6673650791,424324.22552380926
7309,231856.9,231851.42,217929.90592885367,217921.5533399206
7310,262816.21,262799.37,274669.525366379,274663.15323275834
7311,37543.126,37501.517,42709.52807038839,42681.28406310685
7312,176263.99,176280.43,185616.72356725138,185603.2415984406
7313,416839.85,416824.61,424338.6673650791,424324.22552380926
7314,218746.64,218791.58,217929.90592885367,217921.5533399206
7315,148068.29,148053.1,156847.65178260874,156836.5041304347
7316,38545.072,38551.126,42709.52807038839,42681.28406310685
7317,452919.25,452908.18,455285.4115738498,455270.39508474537
7318,307700.06,307661.57,307448.0030952381,307425.7603296702
7319,292237.03,292188.32,307448.0030952381,307425.7603296702
7320,298155.14,298136.29,307448.0030952381,307425.7603296702
7321,171869.85,171861.73,185616.72356725138,185603.2415984406
7322,147015.28,146987.9,156847.65178260874,156836.5041304347
7323,498048.18,498045.49,485093.7721111117,485078.81402222347
7324,143383.41,143420.98,156847.65178260874,156836.5041304347
7325,354164.25,354103.95,339634.8082961464,339626.06835699774
7326,47419.067,47377.265,42709.52807038839,42681.28406310685
7327,456094.47,456125.73,455285.4115738498,455270.39508474537
7328,144220.96,144247.94,156847.65178260874,156836.5041304347
7329,242827.73,242781.02,247739.99689223093,247728.81476190523
7330,468235.46,468213.61,455285.4115738498,455270.39508474537
7331,445505.82,445534.69,455285.4115738498,455270.39508474537
7332,92091.347,92058.214,101609.11073062735,101593.25798154983
7333,168086.24,168025.24,156847.65178260874,156836.5041304347
7334,184711.06,184708.52,185616.72356725138,185603.2415984406
7335,79336.495,79330.38,69504.72317269086,69485.06758232943
7336,454915.15,454867.69,455285.4115738498,455270.39508474537
7337,152709.26,152715.76,156847.65178260874,156836.5041304347
7338,306557.29,306515.83,307448.0030952381,307425.7603296702
7339,55657.013,55650.706,42709.52807038839,42681.28406310685
7340,244184.29,244187.45,247739.99689223093,247728.81476190523
7341,456368.22,456341.99,455285.4115738498,455270.39508474537
7342,140938.63,140929.67,130154.50997333344,130144.92600000014
7343,282028.3,282007.55,274669.525366379,274663.15323275834
7344,142248.39,142271.65,130154.50997333344,130144.92600000014
7345,371282.03,371237.97,369165.9787337051,369158.3872067035
7346,156617.49,156523.15,156847.65178260874,156836.5041304347
7347,52021.539,52015.795,42709.52807038839,42681.28406310685
7348,148923.75,148858.27,156847.65178260874,156836.5041304347
7349,114405.65,114364.8,101609.11073062735,101593.25798154983
7350,397951.59,397936.21,397781.09172413754,397780.57758620655
7351,53421.183,53434.501,42709.52807038839,42681.28406310685
7352,347373.09,347409.46,339634.8082961464,339626.06835699774
7353,64341.471,64238.475,69504.72317269086,69485.06758232943
7354,305396.66,305363.97,307448.0030952381,307425.7603296702
7355,361109.35,361060.14,369165.9787337051,369158.3872067035
7356,332989.36,332970.23,339634.8082961464,339626.06835699774
7357,484559.15,484562.61,485093.7721111117,485078.81402222347
7358,72362.766,72338.357,69504.72317269086,69485.06758232943
7359,176161.96,176157.11,185616.72356725138,185603.2415984406
7360,229344.7,229313.35,217929.90592885367,217921.5533399206
7361,320865.38,320866.72,307448.0030952381,307425.7603296702
7362,153753.35,153760.49,156847.65178260874,156836.5041304347
7363,115372.69,115374.15,101609.11073062735,101593.25798154983
7364,154353.09,154385.05,156847.65178260874,156836.5041304347
7365,426000.9,425985.02,424338.6673650791,424324.22552380926
7366,108668.39,108675.62,101609.11073062735,101593.25798154983
7367,62312.662,62360.349,69504.72317269086,69485.06758232943
7368,457449.09,457412.97,455285.4115738498,455270.39508474537
7369,95608.282,95542.422,101609.11073062735,101593.25798154983
7370,275297.2,275269.68,274669.525366379,274663.15323275834
7371,256397.87,256348.7,247739.99689223093,247728.81476190523
7372,252455.17,252388.52,247739.99689223093,247728.81476190523
7373,457603.58,457617.36,455285.4115738498,455270.39508474537
7374,206198.19,206215.89,217929.90592885367,217921.5533399206
7375,377548.29,377522.14,369165.9787337051,369158.3872067035
7376,141329.6,141326.36,130154.50997333344,130144.92600000014
7377,134649.38,134634.02,130154.50997333344,130144.92600000014
7378,112472.3,112480.25,101609.11073062735,101593.25798154983
7379,247334.42,247321.86,247739.99689223093,247728.81476190523
7380,366495.02,366502.2,369165.9787337051,369158.3872067035
7381,81758.102,81709.865,69504.72317269086,69485.06758232943
7382,365731.16,365686.06,369165.9787337051,369158.3872067035
7383,369258.78,369263.24,369165.9787337051,369158.3872067035
7384,37455.295,37427.836,42709.52807038839,42681.28406310685
7385,397987.33,397952.41,397781.09172413754,397780.57758620655
7386,251615.44,251617.26,247739.99689223093,247728.81476190523
7387,294268.48,294295.86,307448.0030952381,307425.7603296702
7388,263245.07,263308.51,274669.525366379,274663.15323275834
7389,231728.57,231711.94,217929.90592885367,217921.5533399206
7390,44075.961,44057.0,42709.52807038839,42681.28406310685
7391,210527.02,210531.23,217929.90592885367,217921.5533399206
7392,184829.9,184822.88,185616.72356725138,185603.2415984406
7393,190293.72,190235.62,185616.72356725138,185603.2415984406
7394,257700.06,257656.66,247739.99689223093,247728.81476190523
7395,244390.1,244363.1,247739.99689223093,247728.81476190523
7396,371100.17,371148.33,369165.9787337051,369158.3872067035
7397,285520.53,285560.12,274669.525366379,274663.15323275834
7398,147448.56,147412.61,156847.65178260874,156836.5041304347
7399,358156.47,358145.66,369165.9787337051,369158.3872067035
7400,30458.778,30413.956,42709.52807038839,42681.28406310685
7401,255466.55,255476.8,247739.99689223093,247728.81476190523
7402,111377.1,111383.61,101609.11073062735,101593.25798154983
7403,172324.58,172358.65,185616.72356725138,185603.2415984406
7404,488158.74,488108.44,485093.7721111117,485078.81402222347
7405,485177.65,485190.9,485093.7721111117,485078.81402222347
7406,379908.45,379895.78,369165.9787337051,369158.3872067035
7407,59595.268,59538.045,69504.72317269086,69485.06758232943
7408,133684.98,133662.18,130154.50997333344,130144.92600000014
7409,456303.19,456297.49,455285.4115738498,455270.39508474537
7410,477386.65,477345.28,485093.7721111117,485078.81402222347
7411,410552.97,410522.37,397781.09172413754,397780.57758620655
7412,194634.32,194602.42,185616.72356725138,185603.2415984406
7413,320836.66,320869.85,307448.0030952381,307425.7603296702
7414,97371.365,97312.642,101609.11073062735,101593.25798154983
7415,340063.33,340076.89,339634.8082961464,339626.06835699774
7416,431833.18,431853.58,424338.6673650791,424324.22552380926
7417,453913.67,453828.76,455285.4115738498,455270.39508474537
7418,298081.7,298102.62,307448.0030952381,307425.7603296702
7419,72987.4,73009.101,69504.72317269086,69485.06758232943
7420,317786.18,317792.32,307448.0030952381,307425.7603296702
7421,294923.05,294904.84,307448.0030952381,307425.7603296702
7422,424624.99,424589.56,424338.6673650791,424324.22552380926
7423,484775.44,484738.7,485093.7721111117,485078.81402222347
7424,92610.45,92538.081,101609.11073062735,101593.25798154983
7425,244149.2,244091.58,247739.99689223093,247728.81476190523
7426,175933.51,175964.25,185616.72356725138,185603.2415984406
7427,253653.51,253690.9,247739.99689223093,247728.81476190523
7428,66272.221,66352.498,69504.72317269086,69485.06758232943
7429,142350.49,142311.64,130154.50997333344,130144.92600000014
7430,251061.28,251079.98,247739.99689223093,247728.81476190523
7431,307543.29,307505.28,307448.0030952381,307425.7603296702
7432,115384.01,115451.32,101609.11073062735,101593.25798154983
7433,173780.77,173832.99,185616.72356725138,185603.2415984406
7434,293425.08,293416.14,307448.0030952381,307425.7603296702
7435,373841.41,373828.48,369165.9787337051,369158.3872067035
7436,219272.6,219189.48,217929.90592885367,217921.5533399206
7437,146470.37,146433.64,156847.65178260874,156836.5041304347
7438,104091.73,104069.69,101609.11073062735,101593.25798154983
7439,325413.27,325367.2,339634.8082961464,339626.06835699774
7440,128418.72,128375.81,130154.50997333344,130144.92600000014
7441,105199.58,105161.48,101609.11073062735,101593.25798154983
7442,117172.13,117184.86,130154.50997333344,130144.92600000014
7443,357287.13,357268.14,369165.9787337051,369158.3872067035
7444,463970.42,464012.22,455285.4115738498,455270.39508474537
7445,387392.38,387406.96,397781.09172413754,397780.57758620655
7446,136764.6,136820.37,130154.50997333344,130144.92600000014
7447,277254.86,277228.5,274669.525366379,274663.15323275834
7448,222388.19,222344.14,217929.90592885367,217921.5533399206
7449,276897.92,276900.88,274669.525366379,274663.15323275834
7450,328947.21,328963.54,339634.8082961464,339626.06835699774
7451,110272.8,110273.11,101609.11073062735,101593.25798154983
7452,382242.12,382253.57,369165.9787337051,369158.3872067035
7453,54316.038,54220.874,42709.52807038839,42681.28406310685
7454,140279.73,140261.0,130154.50997333344,130144.92600000014
7455,169084.97,169099.43,156847.65178260874,156836.5041304347
7456,445439.55,445383.66,455285.4115738498,455270.39508474537
7457,469754.73,469745.98,455285.4115738498,455270.39508474537
7458,273260.6,273262.77,274669.525366379,274663.15323275834
7459,420059.57,419988.57,424338.6673650791,424324.22552380926
7460,98915.983,98901.041,101609.11073062735,101593.25798154983
7461,496911.81,496950.94,485093.7721111117,485078.81402222347
7462,329180.72,329167.11,339634.8082961464,339626.06835699774
7463,87632.805,87609.444,101609.11073062735,101593.25798154983
7464,204898.96,204889.35,217929.90592885367,217921.5533399206
7465,227316.83,227329.48,217929.90592885367,217921.5533399206
7466,499733.27,499715.09,485093.7721111117,485078.81402222347
7467,192834.19,192823.74,185616.72356725138,185603.2415984406
7468,374935.34,374966.3,369165.9787337051,369158.3872067035
7469,388893.32,388799.33,397781.09172413754,397780.57758620655
7470,249536.72,249515.57,247739.99689223093,247728.81476190523
7471,175395.37,175378.34,185616.72356725138,185603.2415984406
7472,303641.52,303675.17,307448.0030952381,307425.7603296702
7473,294477.64,294404.42,307448.0030952381,307425.7603296702
7474,82744.756,82739.918,69504.72317269086,69485.06758232943
7475,257030.73,257059.3,247739.99689223093,247728.81476190523
7476,442029.17,442036.52,455285.4115738498,455270.39508474537
7477,183512.39,183455.43,185616.72356725138,185603.2415984406
7478,498432.6,498428.32,485093.7721111117,485078.81402222347
7479,65787.509,65752.467,69504.72317269086,69485.06758232943
7480,337759.06,337734.48,339634.8082961464,339626.06835699774
7481,379200.66,379232.59,369165.9787337051,369158.3872067035
7482,115170.52,115098.63,101609.11073062735,101593.25798154983
7483,445070.75,445079.75,455285.4115738498,455270.39508474537
7484,435122.95,435120.77,424338.6673650791,424324.22552380926
7485,222084.89,222079.61,217929.90592885367,217921.5533399206
7486,236295.8,236305.59,247739.99689223093,247728.81476190523
7487,405378.33,405425.18,397781.09172413754,397780.57758620655
7488,275162.69,275100.08,274669.525366379,274663.15323275834
7489,160789.36,160732.08,156847.65178260874,156836.5041304347
7490,139251.83,139257.95,130154.50997333344,130144.92600000014
7491,474090.64,474088.17,485093.7721111117,485078.81402222347
7492,149054.41,149101.18,156847.65178260874,156836.5041304347
7493,231181.83,231189.04,217929.90592885367,217921.5533399206
7494,221613.26,221620.37,217929.90592885367,217921.5533399206
7495,220108.85,220143.91,217929.90592885367,217921.5533399206
7496,132527.95,132512.39,130154.50997333344,130144.92600000014
7497,441198.45,441217.77,455285.4115738498,455270.39508474537
7498,262935.29,262913.17,274669.525366379,274663.15323275834
7499,471875.3,471794.19,485093.7721111117,485078.81402222347
7500,477448.45,477411.5,485093.7721111117,485078.81402222347
7501,365577.75,365620.1,369165.9787337051,369158.3872067035
7502,264043.17,263999.91,274669.525366379,274663.15323275834
7503,172576.47,172613.08,185616.72356725138,185603.2415984406
7504,235567.29,235508.12,247739.99689223093,247728.81476190523
7505,136574.08,136603.88,130154.50997333344,130144.92600000014
7506,460641.27,460659.01,455285.4115738498,455270.39508474537
7507,423674.33,423644.18,424338.6673650791,424324.22552380926
7508,100656.06,100708.07,101609.11073062735,101593.25798154983
7509,51868.245,51802.153,42709.52807038839,42681.28406310685
7510,331306.11,331353.72,339634.8082961464,339626.06835699774
7511,345705.71,345681.55,339634.8082961464,339626.06835699774
7512,473904.73,473861.48,485093.7721111117,485078.81402222347
7513,269631.37,269618.9,274669.525366379,274663.15323275834
7514,80128.456,80074.815,69504.72317269086,69485.06758232943
7515,389135.75,389160.15,397781.09172413754,397780.57758620655
7516,338621.99,338598.56,339634.8082961464,339626.06835699774
7517,379282.14,379284.35,369165.9787337051,369158.3872067035
7518,117726.12,117707.23,130154.50997333344,130144.92600000014
7519,306045.03,306019.87,307448.0030952381,307425.7603296702
7520,83471.765,83443.996,69504.72317269086,69485.06758232943
7521,349359.46,349314.36,339634.8082961464,339626.06835699774
7522,69828.455,69781.246,69504.72317269086,69485.06758232943
7523,312624.59,312594.66,307448.0030952381,307425.7603296702
7524,67580.69,67569.829,69504.72317269086,69485.06758232943
7525,239796.5,239834.35,247739.99689223093,247728.81476190523
7526,319468.49,319429.14,307448.0030952381,307425.7603296702
7527,369705.2,369737.59,369165.9787337051,369158.3872067035
7528,320916.68,320932.67,307448.0030952381,307425.7603296702
7529,130596.66,130639.66,130154.50997333344,130144.92600000014
7530,345711.22,345689.89,339634.8082961464,339626.06835699774
7531,60586.336,60539.527,69504.72317269086,69485.06758232943
7532,34376.141,34372.746,42709.52807038839,42681.28406310685
7533,70311.41,70279.907,69504.72317269086,69485.06758232943
7534,274237.35,274189.33,274669.525366379,274663.15323275834
7535,210055.64,210025.32,217929.90592885367,217921.5533399206
7536,377362.23,377309.19,369165.9787337051,369158.3872067035
7537,477117.8,477167.5,485093.7721111117,485078.81402222347
7538,231177.22,231173.21,217929.90592885367,217921.5533399206
7539,146867.6,146857.24,156847.65178260874,156836.5041304347
7540,300033.98,299988.43,307448.0030952381,307425.7603296702
7541,107934.33,107944.85,101609.11073062735,101593.25798154983
7542,426698.44,426663.04,424338.6673650791,424324.22552380926
7543,407677.62,407656.3,397781.09172413754,397780.57758620655
7544,271621.72,271588.11,274669.525366379,274663.15323275834
7545,79590.599,79595.558,69504.72317269086,69485.06758232943
7546,221116.9,221108.72,217929.90592885367,217921.5533399206
7547,124020.25,123985.91,130154.50997333344,130144.92600000014
7548,462664.35,462695.54,455285.4115738498,455270.39508474537
7549,230145.06,230116.61,217929.90592885367,217921.5533399206
7550,391576.36,391567.56,397781.09172413754,397780.57758620655
7551,348484.24,348472.75,339634.8082961464,339626.06835699774
7552,203120.53,203061.21,217929.90592885367,217921.5533399206
7553,172482.71,172439.4,185616.72356725138,185603.2415984406
7554,67783.011,67770.549,69504.72317269086,69485.06758232943
7555,286467.55,286489.8,274669.525366379,274663.15323275834
7556,238149.57,238183.46,247739.99689223093,247728.81476190523
7557,492398.28,492397.33,485093.7721111117,485078.81402222347
7558,172898.84,172875.97,185616.72356725138,185603.2415984406
7559,88653.377,88613.446,101609.11073062735,101593.25798154983
7560,196040.04,196037.9,185616.72356725138,185603.2415984406
7561,164964.17,164977.18,156847.65178260874,156836.5041304347
7562,177353.78,177357.78,185616.72356725138,185603.2415984406
7563,102554.66,102497.71,101609.11073062735,101593.25798154983
7564,411585.48,411600.56,424338.6673650791,424324.22552380926
7565,57822.861,57848.055,69504.72317269086,69485.06758232943
7566,350979.89,350999.88,339634.8082961464,339626.06835699774
7567,475577.36,475599.46,485093.7721111117,485078.81402222347
7568,448173.3,448126.57,455285.4115738498,455270.39508474537
7569,175981.97,175984.19,185616.72356725138,185603.2415984406
7570,342949.52,342915.44,339634.8082961464,339626.06835699774
7571,344150.54,344124.68,339634.8082961464,339626.06835699774
7572,38564.263,38592.855,42709.52807038839,42681.28406310685
7573,223957.27,223974.14,217929.90592885367,217921.5533399206
7574,435414.85,435381.67,424338.6673650791,424324.22552380926
7575,214301.04,214296.73,217929.90592885367,217921.5533399206
7576,349980.6,349964.06,339634.8082961464,339626.06835699774
7577,453602.55,453601.54,455285.4115738498,455270.39508474537
7578,119501.91,119461.27,130154.50997333344,130144.92600000014
7579,139680.94,139747.22,130154.50997333344,130144.92600000014
7580,153691.11,153688.73,156847.65178260874,156836.5041304347
7581,388905.94,388922.8,397781.09172413754,397780.57758620655
7582,195174.34,195148.11,185616.72356725138,185603.2415984406
7583,411852.15,411870.08,424338.6673650791,424324.22552380926
7584,414642.7,414584.77,424338.6673650791,424324.22552380926
7585,178656.46,178699.62,185616.72356725138,185603.2415984406
7586,381325.5,381341.44,369165.9787337051,369158.3872067035
7587,197793.26,197788.73,185616.72356725138,185603.2415984406
7588,417371.58,417396.05,424338.6673650791,424324.22552380926
7589,432384.09,432399.58,424338.6673650791,424324.22552380926
7590,492735.89,492690.81,485093.7721111117,485078.81402222347
7591,488429.43,488425.18,485093.7721111117,485078.81402222347
7592,314777.01,314711.91,307448.0030952381,307425.7603296702
7593,498158.44,498062.49,485093.7721111117,485078.81402222347
7594,48617.177,48575.245,42709.52807038839,42681.28406310685
7595,162969.95,162953.08,156847.65178260874,156836.5041304347
7596,232542.74,232520.58,217929.90592885367,217921.5533399206
7597,465300.88,465311.38,455285.4115738498,455270.39508474537
7598,324195.05,324166.57,339634.8082961464,339626.06835699774
7599,350798.17,350777.03,339634.8082961464,339626.06835699774
7600,270136.33,270095.73,274669.525366379,274663.15323275834
7601,45210.582,45154.594,42709.52807038839,42681.28406310685
7602,466194.41,466164.63,455285.4115738498,455270.39508474537
7603,459135.26,459120.58,455285.4115738498,455270.39508474537
7604,221186.68,221197.04,217929.90592885367,217921.5533399206
7605,487194.03,487160.33,485093.7721111117,485078.81402222347
7606,169950.11,169985.07,156847.65178260874,156836.5041304347
7607,408162.86,408211.11,397781.09172413754,397780.57758620655
7608,388381.04,388430.89,397781.09172413754,397780.57758620655
7609,492646.08,492610.5,485093.7721111117,485078.81402222347
7610,322912.24,322831.87,307448.0030952381,307425.7603296702
7611,313788.19,313780.68,307448.0030952381,307425.7603296702
7612,171525.91,171494.81,185616.72356725138,185603.2415984406
7613,485860.59,485854.71,485093.7721111117,485078.81402222347
7614,216985.11,216964.56,217929.90592885367,217921.5533399206
7615,69403.452,69390.654,69504.72317269086,69485.06758232943
7616,343525.84,343459.68,339634.8082961464,339626.06835699774
7617,138361.34,138295.31,130154.50997333344,130144.92600000014
7618,208630.5,208659.44,217929.90592885367,217921.5533399206
7619,155145.08,155146.7,156847.65178260874,156836.5041304347
7620,403586.47,403569.84,397781.09172413754,397780.57758620655
7621,356662.66,356646.68,369165.9787337051,369158.3872067035
7622,331835.2,331820.72,339634.8082961464,339626.06835699774
7623,325947.28,325985.58,339634.8082961464,339626.06835699774
7624,103879.25,103862.99,101609.11073062735,101593.25798154983
7625,320038.33,320040.15,307448.0030952381,307425.7603296702
7626,100096.6,100107.43,101609.11073062735,101593.25798154983
7627,300636.97,300610.33,307448.0030952381,307425.7603296702
7628,32986.745,32938.62,42709.52807038839,42681.28406310685
7629,220209.87,220175.27,217929.90592885367,217921.5533399206
7630,322967.09,322919.57,307448.0030952381,307425.7603296702
7631,362988.54,362976.77,369165.9787337051,369158.3872067035
7632,223187.09,223180.49,217929.90592885367,217921.5533399206
7633,308422.75,308388.36,307448.0030952381,307425.7603296702
7634,151135.71,151157.93,156847.65178260874,156836.5041304347
7635,99482.921,99496.052,101609.11073062735,101593.25798154983
7636,412250.05,412235.89,424338.6673650791,424324.22552380926
7637,155366.62,155303.76,156847.65178260874,156836.5041304347
7638,193892.77,193909.72,185616.72356725138,185603.2415984406
7639,119190.1,119211.37,130154.50997333344,130144.92600000014
7640,199647.13,199656.92,185616.72356725138,185603.2415984406
7641,321833.48,321807.87,307448.0030952381,307425.7603296702
7642,282925.82,282988.88,274669.525366379,274663.15323275834
7643,311896.16,311876.2,307448.0030952381,307425.7603296702
7644,479647.06,479571.98,485093.7721111117,485078.81402222347
7645,246356.12,246303.72,247739.99689223093,247728.81476190523
7646,462333.2,462316.54,455285.4115738498,455270.39508474537
7647,308527.13,308509.64,307448.0030952381,307425.7603296702
7648,170742.21,170777.79,156847.65178260874,156836.5041304347
7649,342676.48,342648.98,339634.8082961464,339626.06835699774
7650,399429.7,399399.98,397781.09172413754,397780.57758620655
7651,425972.11,425939.42,424338.6673650791,424324.22552380926
7652,102173.59,102169.17,101609.11073062735,101593.25798154983
7653,91546.378,91555.604,101609.11073062735,101593.25798154983
7654,107102.44,107029.81,101609.11073062735,101593.25798154983
7655,356421.27,356396.41,369165.9787337051,369158.3872067035
7656,483821.31,483765.99,485093.7721111117,485078.81402222347
7657,348738.73,348724.56,339634.8082961464,339626.06835699774
7658,268509.54,268499.11,274669.525366379,274663.15323275834
7659,456507.96,456460.24,455285.4115738498,455270.39508474537
7660,66325.116,66309.373,69504.72317269086,69485.06758232943
7661,101862.72,101816.27,101609.11073062735,101593.25798154983
7662,159340.91,159285.85,156847.65178260874,156836.5041304347
7663,110171.39,110169.14,101609.11073062735,101593.25798154983
7664,58236.265,58216.824,69504.72317269086,69485.06758232943
7665,198871.37,198811.38,185616.72356725138,185603.2415984406
7666,95074.098,95009.862,101609.11073062735,101593.25798154983
7667,402987.08,402994.65,397781.09172413754,397780.57758620655
7668,343102.81,343142.59,339634.8082961464,339626.06835699774
7669,448232.36,448174.55,455285.4115738498,455270.39508474537
7670,338134.91,338086.63,339634.8082961464,339626.06835699774
7671,221038.95,221051.78,217929.90592885367,217921.5533399206
7672,108829.69,108805.96,101609.11073062735,101593.25798154983
7673,490521.94,490531.43,485093.7721111117,485078.81402222347
7674,376959.98,376954.47,369165.9787337051,369158.3872067035
7675,203449.65,203428.97,217929.90592885367,217921.5533399206
7676,188185.16,188131.2,185616.72356725138,185603.2415984406
7677,210429.05,210468.65,217929.90592885367,217921.5533399206
7678,319914.88,319895.03,307448.0030952381,307425.7603296702
7679,228596.17,228564.74,217929.90592885367,217921.5533399206
7680,45761.303,45732.214,42709.52807038839,42681.28406310685
7681,196556.65,196555.73,185616.72356725138,185603.2415984406
7682,96728.064,96706.39,101609.11073062735,101593.25798154983
7683,429520.14,429541.49,424338.6673650791,424324.22552380926
7684,259093.82,259080.17,247739.99689223093,247728.81476190523
7685,151398.04,151347.6,156847.65178260874,156836.5041304347
7686,499528.23,499510.46,485093.7721111117,485078.81402222347
7687,90656.296,90621.507,101609.11073062735,101593.25798154983
7688,85631.41,85638.596,101609.11073062735,101593.25798154983
7689,235627.67,235664.87,247739.99689223093,247728.81476190523
7690,38730.352,38721.267,42709.52807038839,42681.28406310685
7691,462807.8,462804.6,455285.4115738498,455270.39508474537
7692,31416.981,31427.613,42709.52807038839,42681.28406310685
7693,63701.049,63649.012,69504.72317269086,69485.06758232943
7694,199309.4,199258.51,185616.72356725138,185603.2415984406
7695,397555.54,397568.46,397781.09172413754,397780.57758620655
7696,351115.52,351115.55,339634.8082961464,339626.06835699774
7697,267292.82,267320.55,274669.525366379,274663.15323275834
7698,77115.657,77063.632,69504.72317269086,69485.06758232943
7699,350820.97,350796.53,339634.8082961464,339626.06835699774
7700,219567.92,219564.21,217929.90592885367,217921.5533399206
7701,245476.04,245493.76,247739.99689223093,247728.81476190523
7702,319513.33,319467.13,307448.0030952381,307425.7603296702
7703,495574.06,495615.83,485093.7721111117,485078.81402222347
7704,106308.15,106310.55,101609.11073062735,101593.25798154983
7705,220607.82,220604.5,217929.90592885367,217921.5533399206
7706,292904.15,292901.62,307448.0030952381,307425.7603296702
7707,415877.43,415872.22,424338.6673650791,424324.22552380926
7708,310255.03,310214.27,307448.0030952381,307425.7603296702
7709,324525.26,324487.77,339634.8082961464,339626.06835699774
7710,202328.98,202321.82,217929.90592885367,217921.5533399206
7711,371605.44,371575.88,369165.9787337051,369158.3872067035
7712,440418.17,440402.12,424338.6673650791,424324.22552380926
7713,399898.27,399906.82,397781.09172413754,397780.57758620655
7714,194453.14,194373.99,185616.72356725138,185603.2415984406
7715,475908.28,475911.47,485093.7721111117,485078.81402222347
7716,312953.02,312924.81,307448.0030952381,307425.7603296702
7717,415201.69,415155.15,424338.6673650791,424324.22552380926
7718,414681.6,414684.2,424338.6673650791,424324.22552380926
7719,326657.35,326643.9,339634.8082961464,339626.06835699774
7720,42702.798,42666.259,42709.52807038839,42681.28406310685
7721,186238.24,186216.9,185616.72356725138,185603.2415984406
7722,454339.05,454280.18,455285.4115738498,455270.39508474537
7723,84490.309,84451.508,69504.72317269086,69485.06758232943
7724,366387.52,366336.86,369165.9787337051,369158.3872067035
7725,420478.56,420496.6,424338.6673650791,424324.22552380926
7726,261390.88,261466.71,274669.525366379,274663.15323275834
7727,181254.17,181236.41,185616.72356725138,185603.2415984406
7728,222004.55,222018.35,217929.90592885367,217921.5533399206
7729,304023.93,303957.45,307448.0030952381,307425.7603296702
7730,44492.935,44503.06,42709.52807038839,42681.28406310685
7731,42178.109,42194.398,42709.52807038839,42681.28406310685
7732,103962.73,103924.41,101609.11073062735,101593.25798154983
7733,397858.7,397860.45,397781.09172413754,397780.57758620655
7734,214927.05,214927.26,217929.90592885367,217921.5533399206
7735,252856.9,252852.66,247739.99689223093,247728.81476190523
7736,213924.13,213951.62,217929.90592885367,217921.5533399206
7737,93850.525,93861.954,101609.11073062735,101593.25798154983
7738,116713.0,116719.0,130154.50997333344,130144.92600000014
7739,359744.58,359702.76,369165.9787337051,369158.3872067035
7740,475485.66,475483.74,485093.7721111117,485078.81402222347
7741,164657.73,164633.21,156847.65178260874,156836.5041304347
7742,38195.683,38157.923,42709.52807038839,42681.28406310685
7743,482330.06,482336.13,485093.7721111117,485078.81402222347
7744,334320.24,334296.09,339634.8082961464,339626.06835699774
7745,105432.96,105388.01,101609.11073062735,101593.25798154983
7746,352540.5,352514.41,339634.8082961464,339626.06835699774
7747,74176.692,74161.016,69504.72317269086,69485.06758232943
7748,42203.179,42159.769,42709.52807038839,42681.28406310685
7749,120021.96,119979.0,130154.50997333344,130144.92600000014
7750,329494.12,329527.88,339634.8082961464,339626.06835699774
7751,87946.068,87949.465,101609.11073062735,101593.25798154983
7752,80687.085,80626.121,69504.72317269086,69485.06758232943
7753,481025.43,480939.68,485093.7721111117,485078.81402222347
7754,388433.4,388388.49,397781.09172413754,397780.57758620655
7755,404888.95,404868.25,397781.09172413754,397780.57758620655
7756,451093.12,451038.08,455285.4115738498,455270.39508474537
7757,97538.968,97493.328,101609.11073062735,101593.25798154983
7758,76645.984,76648.407,69504.72317269086,69485.06758232943
7759,34784.171,34764.722,42709.52807038839,42681.28406310685
7760,312609.23,312612.91,307448.0030952381,307425.7603296702
7761,210014.35,209976.32,217929.90592885367,217921.5533399206
7762,102466.69,102418.39,101609.11073062735,101593.25798154983
7763,194603.45,194547.08,185616.72356725138,185603.2415984406
7764,95167.129,95194.531,101609.11073062735,101593.25798154983
7765,140079.04,140104.78,130154.50997333344,130144.92600000014
7766,475058.09,475042.66,485093.7721111117,485078.81402222347
7767,263816.69,263846.07,274669.525366379,274663.15323275834
7768,159343.41,159296.51,156847.65178260874,156836.5041304347
7769,112038.4,112061.4,101609.11073062735,101593.25798154983
7770,339385.36,339385.31,339634.8082961464,339626.06835699774
7771,464555.45,464509.52,455285.4115738498,455270.39508474537
7772,386696.66,386745.83,397781.09172413754,397780.57758620655
7773,397988.36,398014.72,397781.09172413754,397780.57758620655
7774,237793.96,237751.68,247739.99689223093,247728.81476190523
7775,463029.9,463073.14,455285.4115738498,455270.39508474537
7776,221037.38,221085.44,217929.90592885367,217921.5533399206
7777,174186.66,174194.5,185616.72356725138,185603.2415984406
7778,368441.81,368491.95,369165.9787337051,369158.3872067035
7779,100628.02,100628.01,101609.11073062735,101593.25798154983
7780,88180.141,88168.935,101609.11073062735,101593.25798154983
7781,296774.32,296792.59,307448.0030952381,307425.7603296702
7782,212062.08,212056.03,217929.90592885367,217921.5533399206
7783,182995.25,183033.2,185616.72356725138,185603.2415984406
7784,323218.44,323185.06,307448.0030952381,307425.7603296702
7785,30265.891,30285.13,42709.52807038839,42681.28406310685
7786,256677.19,256656.97,247739.99689223093,247728.81476190523
7787,348743.62,348717.47,339634.8082961464,339626.06835699774
7788,397699.63,397697.7,397781.09172413754,397780.57758620655
7789,65543.148,65512.633,69504.72317269086,69485.06758232943
7790,229367.23,229383.76,217929.90592885367,217921.5533399206
7791,170099.63,170096.61,156847.65178260874,156836.5041304347
7792,48178.195,48139.881,42709.52807038839,42681.28406310685
7793,219417.71,219369.61,217929.90592885367,217921.5533399206
7794,404321.75,404320.41,397781.09172413754,397780.57758620655
7795,222287.12,222298.0,217929.90592885367,217921.5533399206
7796,237032.36,236979.7,247739.99689223093,247728.81476190523
7797,200318.34,200327.6,185616.72356725138,185603.2415984406
7798,76698.757,76674.082,69504.72317269086,69485.06758232943
7799,344013.18,344005.25,339634.8082961464,339626.06835699774
7800,218178.12,218104.87,217929.90592885367,217921.5533399206
7801,211818.2,211802.24,217929.90592885367,217921.5533399206
7802,254769.45,254744.18,247739.99689223093,247728.81476190523
7803,215101.07,215053.31,217929.90592885367,217921.5533399206
7804,311647.9,311591.2,307448.0030952381,307425.7603296702
7805,49736.866,49698.617,42709.52807038839,42681.28406310685
7806,60106.994,60126.778,69504.72317269086,69485.06758232943
7807,341425.36,341402.76,339634.8082961464,339626.06835699774
7808,200204.19,200186.82,185616.72356725138,185603.2415984406
7809,278566.91,278602.93,274669.525366379,274663.15323275834
7810,186965.29,186921.98,185616.72356725138,185603.2415984406
7811,387071.47,387087.39,397781.09172413754,397780.57758620655
7812,436291.33,436282.55,424338.6673650791,424324.22552380926
7813,125937.8,125910.22,130154.50997333344,130144.92600000014
7814,144861.85,144900.88,156847.65178260874,156836.5041304347
7815,38594.982,38565.302,42709.52807038839,42681.28406310685
7816,299425.8,299379.84,307448.0030952381,307425.7603296702
7817,383212.86,383233.31,369165.9787337051,369158.3872067035
7818,299607.42,299605.96,307448.0030952381,307425.7603296702
7819,441620.47,441643.01,455285.4115738498,455270.39508474537
7820,376759.62,376795.44,369165.9787337051,369158.3872067035
7821,286556.16,286544.38,274669.525366379,274663.15323275834
7822,420948.15,420944.34,424338.6673650791,424324.22552380926
7823,40188.328,40131.986,42709.52807038839,42681.28406310685
7824,281893.11,281930.35,274669.525366379,274663.15323275834
7825,89926.819,89933.675,101609.11073062735,101593.25798154983
7826,115360.67,115335.86,101609.11073062735,101593.25798154983
7827,162541.14,162541.76,156847.65178260874,156836.5041304347
7828,340148.64,340110.2,339634.8082961464,339626.06835699774
7829,268093.9,268108.88,274669.525366379,274663.15323275834
7830,220377.56,220403.77,217929.90592885367,217921.5533399206
7831,433916.59,433954.49,424338.6673650791,424324.22552380926
7832,384818.3,384812.03,397781.09172413754,397780.57758620655
7833,135378.16,135396.08,130154.50997333344,130144.92600000014
7834,372104.76,372055.15,369165.9787337051,369158.3872067035
7835,361931.92,361942.57,369165.9787337051,369158.3872067035
7836,378289.02,378290.38,369165.9787337051,369158.3872067035
7837,252297.1,252277.15,247739.99689223093,247728.81476190523
7838,248962.65,248909.48,247739.99689223093,247728.81476190523
7839,387300.12,387309.55,397781.09172413754,397780.57758620655
7840,100424.97,100376.62,101609.11073062735,101593.25798154983
7841,477014.05,477012.19,485093.7721111117,485078.81402222347
7842,434128.58,434134.38,424338.6673650791,424324.22552380926
7843,291826.16,291778.58,307448.0030952381,307425.7603296702
7844,64063.045,64002.378,69504.72317269086,69485.06758232943
7845,195350.5,195352.48,185616.72356725138,185603.2415984406
7846,58938.287,58878.985,69504.72317269086,69485.06758232943
7847,263161.86,263077.93,274669.525366379,274663.15323275834
7848,479971.18,479933.85,485093.7721111117,485078.81402222347
7849,87348.646,87369.82,101609.11073062735,101593.25798154983
7850,383794.5,383741.04,369165.9787337051,369158.3872067035
7851,495855.87,495890.04,485093.7721111117,485078.81402222347
7852,241703.04,241667.56,247739.99689223093,247728.81476190523
7853,388120.22,388124.07,397781.09172413754,397780.57758620655
7854,228225.59,228261.55,217929.90592885367,217921.5533399206
7855,129338.9,129350.95,130154.50997333344,130144.92600000014
7856,359779.37,359781.84,369165.9787337051,369158.3872067035
7857,61892.341,61898.521,69504.72317269086,69485.06758232943
7858,60087.563,60070.46,69504.72317269086,69485.06758232943
7859,498506.5,498523.83,485093.7721111117,485078.81402222347
7860,105946.58,105901.79,101609.11073062735,101593.25798154983
7861,411877.01,411877.66,424338.6673650791,424324.22552380926
7862,301857.31,301821.12,307448.0030952381,307425.7603296702
7863,242239.61,242224.9,247739.99689223093,247728.81476190523
7864,476277.01,476263.97,485093.7721111117,485078.81402222347
7865,101657.53,101673.96,101609.11073062735,101593.25798154983
7866,110079.95,110041.2,101609.11073062735,101593.25798154983
7867,370808.7,370852.96,369165.9787337051,369158.3872067035
7868,264512.61,264559.68,274669.525366379,274663.15323275834
7869,137329.5,137301.12,130154.50997333344,130144.92600000014
7870,305199.54,305189.7,307448.0030952381,307425.7603296702
7871,90350.753,90332.538,101609.11073062735,101593.25798154983
7872,79745.868,79698.309,69504.72317269086,69485.06758232943
7873,249625.2,249627.78,247739.99689223093,247728.81476190523
7874,360291.18,360292.36,369165.9787337051,369158.3872067035
7875,38026.708,37938.57,42709.52807038839,42681.28406310685
7876,394206.29,394164.75,397781.09172413754,397780.57758620655
7877,378937.15,378977.41,369165.9787337051,369158.3872067035
7878,335328.87,335361.43,339634.8082961464,339626.06835699774
7879,38858.603,38774.958,42709.52807038839,42681.28406310685
7880,488984.53,489043.86,485093.7721111117,485078.81402222347
7881,330845.13,330850.88,339634.8082961464,339626.06835699774
7882,103682.05,103639.96,101609.11073062735,101593.25798154983
7883,202080.34,202059.55,217929.90592885367,217921.5533399206
7884,291688.01,291643.78,307448.0030952381,307425.7603296702
7885,155361.06,155367.32,156847.65178260874,156836.5041304347
7886,61794.872,61826.569,69504.72317269086,69485.06758232943
7887,354900.17,354873.02,369165.9787337051,369158.3872067035
7888,129899.7,129834.64,130154.50997333344,130144.92600000014
7889,192541.18,192526.8,185616.72356725138,185603.2415984406
7890,139713.58,139715.99,130154.50997333344,130144.92600000014
7891,281431.61,281457.52,274669.525366379,274663.15323275834
7892,114435.06,114445.48,101609.11073062735,101593.25798154983
7893,313432.42,313375.19,307448.0030952381,307425.7603296702
7894,67318.676,67263.049,69504.72317269086,69485.06758232943
7895,289320.05,289314.43,274669.525366379,274663.15323275834
7896,464358.57,464312.52,455285.4115738498,455270.39508474537
7897,270559.81,270531.54,274669.525366379,274663.15323275834
7898,206579.09,206591.81,217929.90592885367,217921.5533399206
7899,95576.88,95534.45,101609.11073062735,101593.25798154983
7900,149495.62,149464.18,156847.65178260874,156836.5041304347
7901,114509.08,114435.13,101609.11073062735,101593.25798154983
7902,210235.66,210265.23,217929.90592885367,217921.5533399206
7903,89594.652,89577.482,101609.11073062735,101593.25798154983
7904,240471.98,240451.29,247739.99689223093,247728.81476190523
7905,311821.42,311792.25,307448.0030952381,307425.7603296702
7906,369291.11,369317.92,369165.9787337051,369158.3872067035
7907,469910.62,469899.8,455285.4115738498,455270.39508474537
7908,252655.78,252651.17,247739.99689223093,247728.81476190523
7909,354018.09,354010.26,339634.8082961464,339626.06835699774
7910,472940.54,472968.55,485093.7721111117,485078.81402222347
7911,30291.489,30263.451,42709.52807038839,42681.28406310685
7912,472265.34,472247.55,485093.7721111117,485078.81402222347
7913,163961.4,163958.21,156847.65178260874,156836.5041304347
7914,165366.37,165378.4,156847.65178260874,156836.5041304347
7915,239477.65,239512.22,247739.99689223093,247728.81476190523
7916,268605.97,268571.06,274669.525366379,274663.15323275834
7917,70751.913,70745.052,69504.72317269086,69485.06758232943
7918,331996.92,331991.19,339634.8082961464,339626.06835699774
7919,414562.59,414482.29,424338.6673650791,424324.22552380926
7920,74675.837,74700.697,69504.72317269086,69485.06758232943
7921,167187.44,167191.19,156847.65178260874,156836.5041304347
7922,354975.2,354928.41,369165.9787337051,369158.3872067035
7923,375918.87,375910.38,369165.9787337051,369158.3872067035
7924,482688.48,482660.56,485093.7721111117,485078.81402222347
7925,446778.24,446796.88,455285.4115738498,455270.39508474537
7926,301867.71,301864.44,307448.0030952381,307425.7603296702
7927,252031.91,252084.87,247739.99689223093,247728.81476190523
7928,321535.2,321526.04,307448.0030952381,307425.7603296702
7929,32648.693,32552.681,42709.52807038839,42681.28406310685
7930,370157.45,370128.64,369165.9787337051,369158.3872067035
7931,176632.12,176652.0,185616.72356725138,185603.2415984406
7932,183386.07,183341.75,185616.72356725138,185603.2415984406
7933,253008.39,253014.48,247739.99689223093,247728.81476190523
7934,277585.89,277608.36,274669.525366379,274663.15323275834
7935,331494.75,331493.22,339634.8082961464,339626.06835699774
7936,322958.53,322975.88,307448.0030952381,307425.7603296702
7937,148477.18,148466.4,156847.65178260874,156836.5041304347
7938,210215.24,210216.85,217929.90592885367,217921.5533399206
7939,442706.31,442686.94,455285.4115738498,455270.39508474537
7940,272258.33,272227.64,274669.525366379,274663.15323275834
7941,320229.47,320259.1,307448.0030952381,307425.7603296702
7942,353785.99,353742.18,339634.8082961464,339626.06835699774
7943,117618.63,117629.64,130154.50997333344,130144.92600000014
7944,134934.45,134904.49,130154.50997333344,130144.92600000014
7945,46239.751,46263.802,42709.52807038839,42681.28406310685
7946,442425.55,442437.0,455285.4115738498,455270.39508474537
7947,335048.07,335109.78,339634.8082961464,339626.06835699774
7948,181667.36,181678.26,185616.72356725138,185603.2415984406
7949,119031.4,119005.72,130154.50997333344,130144.92600000014
7950,483925.63,483853.3,485093.7721111117,485078.81402222347
7951,63403.993,63433.055,69504.72317269086,69485.06758232943
7952,203611.77,203577.89,217929.90592885367,217921.5533399206
7953,311338.38,311316.9,307448.0030952381,307425.7603296702
7954,404165.01,404134.28,397781.09172413754,397780.57758620655
7955,377833.52,377827.05,369165.9787337051,369158.3872067035
7956,87986.688,87949.345,101609.11073062735,101593.25798154983
7957,72558.488,72545.895,69504.72317269086,69485.06758232943
7958,334308.78,334280.78,339634.8082961464,339626.06835699774
7959,180212.65,180214.67,185616.72356725138,185603.2415984406
7960,355488.79,355457.15,369165.9787337051,369158.3872067035
7961,269236.95,269184.96,274669.525366379,274663.15323275834
7962,294910.13,294852.1,307448.0030952381,307425.7603296702
7963,398030.84,398072.48,397781.09172413754,397780.57758620655
7964,162044.24,162036.86,156847.65178260874,156836.5041304347
7965,155376.16,155356.02,156847.65178260874,156836.5041304347
7966,496012.73,495976.67,485093.7721111117,485078.81402222347
7967,328977.58,328926.39,339634.8082961464,339626.06835699774
7968,374257.51,374211.28,369165.9787337051,369158.3872067035
7969,220203.47,220202.13,217929.90592885367,217921.5533399206
7970,213014.43,212997.96,217929.90592885367,217921.5533399206
7971,459909.82,459958.28,455285.4115738498,455270.39508474537
7972,308900.68,308899.79,307448.0030952381,307425.7603296702
7973,271787.57,271794.65,274669.525366379,274663.15323275834
7974,78180.852,78199.808,69504.72317269086,69485.06758232943
7975,390493.83,390517.56,397781.09172413754,397780.57758620655
7976,149335.23,149291.84,156847.65178260874,156836.5041304347
7977,84581.368,84578.148,69504.72317269086,69485.06758232943
7978,381262.75,381264.01,369165.9787337051,369158.3872067035
7979,187766.38,187759.15,185616.72356725138,185603.2415984406
7980,328149.79,328167.86,339634.8082961464,339626.06835699774
7981,375439.01,375484.55,369165.9787337051,369158.3872067035
7982,344444.77,344438.73,339634.8082961464,339626.06835699774
7983,485759.75,485744.68,485093.7721111117,485078.81402222347
7984,363239.69,363245.83,369165.9787337051,369158.3872067035
7985,345623.15,345632.71,339634.8082961464,339626.06835699774
7986,253786.37,253732.73,247739.99689223093,247728.81476190523
7987,199976.43,199950.04,185616.72356725138,185603.2415984406
7988,52352.293,52361.494,42709.52807038839,42681.28406310685
7989,163151.71,163093.05,156847.65178260874,156836.5041304347
7990,56322.165,56269.043,69504.72317269086,69485.06758232943
7991,480064.75,480036.05,485093.7721111117,485078.81402222347
7992,123619.51,123587.56,130154.50997333344,130144.92600000014
7993,416413.76,416372.32,424338.6673650791,424324.22552380926
7994,416405.01,416376.6,424338.6673650791,424324.22552380926
7995,343536.76,343474.95,339634.8082961464,339626.06835699774
7996,135062.36,135012.02,130154.50997333344,130144.92600000014
7997,178404.06,178381.93,185616.72356725138,185603.2415984406
7998,404496.08,404442.46,397781.09172413754,397780.57758620655
7999,57602.377,57560.739,69504.72317269086,69485.06758232943
8000,298207.96,298217.28,307448.0030952381,307425.7603296702
8001,145760.07,145714.43,156847.65178260874,156836.5041304347
8002,390253.53,390268.78,397781.09172413754,397780.57758620655
8003,220784.61,220761.65,217929.90592885367,217921.5533399206
8004,374589.0,374521.52,369165.9787337051,369158.3872067035
8005,359166.49,359164.24,369165.9787337051,369158.3872067035
8006,304086.07,304050.59,307448.0030952381,307425.7603296702
8007,445041.51,444986.71,455285.4115738498,455270.39508474537
8008,376780.27,376769.11,369165.9787337051,369158.3872067035
8009,446532.87,446487.5,455285.4115738498,455270.39508474537
8010,175176.59,175133.66,185616.72356725138,185603.2415984406
8011,444523.22,444415.81,455285.4115738498,455270.39508474537
8012,120999.29,120952.77,130154.50997333344,130144.92600000014
8013,434707.1,434736.0,424338.6673650791,424324.22552380926
8014,153185.78,153158.08,156847.65178260874,156836.5041304347
8015,412317.39,412298.69,424338.6673650791,424324.22552380926
8016,371743.25,371701.61,369165.9787337051,369158.3872067035
8017,67406.28,67410.309,69504.72317269086,69485.06758232943
8018,466958.97,466940.79,455285.4115738498,455270.39508474537
8019,72431.635,72412.491,69504.72317269086,69485.06758232943
8020,438539.64,438490.47,424338.6673650791,424324.22552380926
8021,306436.75,306405.03,307448.0030952381,307425.7603296702
8022,166394.27,166373.41,156847.65178260874,156836.5041304347
8023,284102.55,284061.89,274669.525366379,274663.15323275834
8024,284034.51,284063.36,274669.525366379,274663.15323275834
8025,164104.77,164160.8,156847.65178260874,156836.5041304347
8026,483247.22,483224.3,485093.7721111117,485078.81402222347
8027,202518.74,202490.75,217929.90592885367,217921.5533399206
8028,46402.291,46347.76,42709.52807038839,42681.28406310685
8029,131051.85,131051.53,130154.50997333344,130144.92600000014
8030,133999.92,133977.35,130154.50997333344,130144.92600000014
8031,404686.58,404644.08,397781.09172413754,397780.57758620655
8032,358750.52,358719.87,369165.9787337051,369158.3872067035
8033,268361.33,268343.86,274669.525366379,274663.15323275834
8034,299400.69,299359.62,307448.0030952381,307425.7603296702
8035,44799.348,44815.428,42709.52807038839,42681.28406310685
8036,261944.98,261927.27,274669.525366379,274663.15323275834
8037,308892.82,308894.03,307448.0030952381,307425.7603296702
8038,471337.97,471344.52,485093.7721111117,485078.81402222347
8039,245985.29,245985.34,247739.99689223093,247728.81476190523
8040,353152.26,353177.44,339634.8082961464,339626.06835699774
8041,282272.23,282309.14,274669.525366379,274663.15323275834
8042,357199.08,357183.37,369165.9787337051,369158.3872067035
8043,279221.56,279216.46,274669.525366379,274663.15323275834
8044,274902.53,274875.95,274669.525366379,274663.15323275834
8045,493705.98,493707.81,485093.7721111117,485078.81402222347
8046,365194.64,365186.83,369165.9787337051,369158.3872067035
8047,452705.99,452685.8,455285.4115738498,455270.39508474537
8048,420167.96,420115.14,424338.6673650791,424324.22552380926
8049,482551.73,482569.91,485093.7721111117,485078.81402222347
8050,466779.07,466742.78,455285.4115738498,455270.39508474537
8051,119996.61,119987.12,130154.50997333344,130144.92600000014
8052,461932.47,461897.4,455285.4115738498,455270.39508474537
8053,189254.75,189244.9,185616.72356725138,185603.2415984406
8054,285212.2,285219.56,274669.525366379,274663.15323275834
8055,416554.08,416575.4,424338.6673650791,424324.22552380926
8056,330932.9,330944.42,339634.8082961464,339626.06835699774
8057,403139.27,403128.28,397781.09172413754,397780.57758620655
8058,369807.32,369822.51,369165.9787337051,369158.3872067035
8059,284897.1,284818.76,274669.525366379,274663.15323275834
8060,150698.68,150704.72,156847.65178260874,156836.5041304347
8061,270278.66,270265.08,274669.525366379,274663.15323275834
8062,405544.52,405565.83,397781.09172413754,397780.57758620655
8063,321925.36,321894.77,307448.0030952381,307425.7603296702
8064,255306.57,255351.21,247739.99689223093,247728.81476190523
8065,41088.363,41039.226,42709.52807038839,42681.28406310685
8066,483417.69,483401.86,485093.7721111117,485078.81402222347
8067,448494.72,448474.32,455285.4115738498,455270.39508474537
8068,77643.519,77618.871,69504.72317269086,69485.06758232943
8069,190195.8,190201.88,185616.72356725138,185603.2415984406
8070,169260.35,169265.38,156847.65178260874,156836.5041304347
8071,57862.936,57822.057,69504.72317269086,69485.06758232943
8072,375495.26,375468.58,369165.9787337051,369158.3872067035
8073,53820.853,53777.203,42709.52807038839,42681.28406310685
8074,38160.81,38126.704,42709.52807038839,42681.28406310685
8075,185729.88,185662.94,185616.72356725138,185603.2415984406
8076,34479.772,34452.408,42709.52807038839,42681.28406310685
8077,144546.17,144539.25,156847.65178260874,156836.5041304347
8078,296916.87,296859.69,307448.0030952381,307425.7603296702
