start_time,end_time,product_name,product_code,other_param_1_input_1,other_param_2_input_2,other_param_3_input_3,other_param_4_input_4,other_param_5_input_5
0.0,0.2046,A,10,98.774248046875,101.75578125000001,101.11423828125,100.98859374999999,99.992509765625
0.1024,0.307,A,10,98.83560546875,99.693447265625,101.1673046875,99.006259765625,101.236689453125
0.2048,0.4094,A,10,98.129775390625,98.35578125,101.92080078125,101.216181640625,100.102958984375
0.3072,0.5118,A,10,101.271240234375,100.5243359375,100.238876953125,101.93939453125,99.0075390625
0.4096,0.6142,A,10,101.7027734375,101.25939453125,101.56326171875,101.10681640625,103.14791015625
0.512,0.7166,A,10,98.98037109375,100.16263671875001,104.11728515624999,99.163388671875,102.137470703125
0.6144,0.819,A,10,99.2303125,100.266630859375,101.46516601562499,98.265380859375,100.062568359375
0.7168,0.9214,A,10,99.15479492187501,101.09638671875,99.3667578125,101.4313671875,101.24771484375
0.8192,1.0238,A,10,101.43724609374999,99.90257812499999,99.70698242187501,102.888935546875,101.70029296875
0.9216,1.1262,A,10,101.46248046875,99.72490234375,99.79818359375,100.680224609375,101.30838867187501
1.024,1.2286,A,10,97.7419921875,100.14384765625,96.76369140625,100.910595703125,98.846650390625
1.1264,1.331,A,10,99.68171875,100.58708007812501,96.822783203125,102.617060546875,101.131455078125
1.2288,1.4334,A,10,101.44736328125,101.403876953125,99.057099609375,102.852900390625,100.79193359375
1.3312,1.5358,A,10,99.917783203125,100.828974609375,100.32972656250001,98.42828125,97.20197265625
1.4336,1.6382,A,10,101.51499023437499,99.521279296875,100.95500000000001,96.39033203125,98.88439453125
1.536,1.7406,A,10,102.20395507812499,98.64821289062499,99.59880859375001,99.545068359375,100.89378906249999
1.6384,1.843,A,10,100.32787109374999,99.3181640625,100.415869140625,99.343623046875,98.377021484375
1.7408,1.9454,A,10,101.87681640625,98.794833984375,99.5114453125,98.529697265625,100.62034179687501
1.8432,2.0478,A,10,100.7796875,98.818642578125,99.5305859375,101.05498046875,105.247529296875
1.9456,2.1502,A,10,98.44353515625,97.521884765625,100.995322265625,102.43746093749999,104.9370703125
2.048,2.2526,A,10,98.92248046875,96.14143554687499,97.526376953125,99.639765625,102.70865234375
2.1504,2.355,A,10,101.320068359375,97.938056640625,98.194033203125,100.92742187500001,101.37797851562499
2.2528,2.4574,A,10,100.840517578125,98.6728125,103.1162890625,100.989619140625,102.451005859375
2.3552,2.5598,A,10,99.082275390625,101.10908203125001,102.214951171875,99.08763671874999,100.07300781250001
2.4576,2.6622,A,10,99.43201171875,102.752265625,97.963330078125,100.613525390625,99.49149414062501
2.56,2.7646,A,10,99.77659179687501,102.9875390625,96.946875,102.74974609374999,100.30857421875
2.6624,2.867,A,10,100.053369140625,104.286494140625,99.8895703125,103.909453125,100.414072265625
2.7648,2.9694,A,10,99.696484375,104.02294921875,102.008681640625,101.46822265624999,100.96607421875001
2.8672,3.0718,A,10,98.61203125,102.026220703125,102.339228515625,99.55677734375,100.3052734375
2.9696,3.1742,A,10,97.93443359375,98.11009765624999,101.806611328125,101.89375976562499,101.520947265625
3.072,3.2766,A,10,100.56638671875,95.52393554687501,100.34278320312501,102.933984375,102.00048828125
3.1744,3.379,A,10,99.080078125,96.57267578125001,99.608505859375,101.44172851562502,102.2057421875
3.2768,3.4814,A,10,99.84793945312501,98.4197265625,99.473115234375,102.02708007812501,99.04551757812499
3.3792,3.5838,A,10,101.28740234374999,96.89146484375,101.931171875,101.92827148437499,98.222138671875
3.4816,3.6862,A,10,100.6678515625,98.12308593750001,103.28223632812501,99.90349609375,98.11726562499999
3.584,3.7886,A,10,99.027578125,97.955283203125,100.47123046875001,97.33751953125,95.999189453125
3.6864,3.891,A,10,98.270927734375,98.641474609375,98.535126953125,96.71853515625,97.81740234375
3.7888,3.9934,A,10,100.31596679687499,103.091240234375,101.362255859375,98.33498046875,99.107177734375
3.8912,4.0958,A,10,99.93143554687501,102.09140625,101.0237890625,101.79933593749999,99.69125
3.9936,4.1982,A,10,100.3994140625,97.76350585937499,98.77486328125,103.10009765625,101.62310546875
4.096,4.3006,A,10,101.71507812499999,93.93146484375,100.2602734375,102.02564453125,101.216953125
4.1984,4.403,A,10,100.6741015625,97.975244140625,98.75501953125,100.72943359375,98.380634765625
4.3008,4.5054,A,10,100.444462890625,101.084130859375,95.757734375,99.62226562500001,97.390810546875
4.4032,4.6078,A,10,103.585107421875,100.0087890625,97.0052734375,100.517783203125,100.311142578125
4.5056,4.7102,A,10,101.450146484375,100.41314453125,99.731005859375,98.9864453125,101.04826171875
4.608,4.8126,A,10,97.3648828125,99.8266015625,97.81321289062501,97.130400390625,100.474658203125
4.7104,4.915,A,10,97.843466796875,100.201533203125,97.511513671875,99.84404296875,101.515634765625
4.8128,5.0174,A,10,101.22986328125,102.63774414062499,97.53515625,102.88282226562501,99.30739257812499
4.9152,5.1198,A,10,104.89705078125,101.64674804687499,97.26685546875001,101.88157226562501,100.195556640625
5.0176,5.2222,A,10,102.92130859375,99.37892578125,99.6590625,100.7587109375,101.940087890625
5.12,5.3246,A,10,100.034150390625,99.83570312500001,99.362119140625,102.506748046875,100.2345703125
5.2224,5.427,A,10,99.864775390625,98.39781249999999,100.931328125,103.553466796875,101.3490625
5.3248,5.5294,A,10,98.343076171875,99.10402343749999,101.3302734375,101.021240234375,101.91955078125
5.4272,5.6318,A,10,98.51873046875001,100.91837890625001,100.225244140625,98.907236328125,98.889267578125
5.5296,5.7342,A,10,99.69451171875001,99.278447265625,99.42767578125,102.84099609375001,96.663876953125
5.632,5.8366,A,10,99.53434570312501,100.32505859375,96.190458984375,102.463896484375,97.21484375
5.7344,5.939,A,10,99.23655273437501,101.04091796875,97.68834960937501,99.59564453125,99.514990234375
5.8368,6.0414,A,10,99.8569921875,101.08154296875,100.95875000000001,100.4025,98.98109375
5.9392,6.1438,A,10,102.11962890625,101.882451171875,101.800693359375,100.430478515625,99.953662109375
6.0416,6.2462,A,10,100.91442382812501,101.029140625,101.8907421875,101.89416015625,99.4996484375
6.144,6.3486,A,10,100.6989453125,99.011044921875,99.115859375,101.82263671875,98.420048828125
6.2464,6.451,A,10,101.377041015625,99.04509765625,98.5644140625,97.46024414062501,101.00709960937499
6.3488,6.5534,A,10,99.970947265625,100.340546875,99.35126953125001,99.70083984375,102.48615234374999
6.4512,6.6558,A,10,98.927919921875,101.434052734375,98.506767578125,102.7123046875,101.36055664062499
6.5536,6.7582,A,10,97.31728515625,102.57283203124999,99.35126953125,97.97767578125,100.76650390625
6.656,6.8606,A,10,98.47953125000001,99.032890625,100.49228515625,96.782197265625,100.95173828125
6.7584,6.963,A,10,99.816533203125,101.3222265625,100.063017578125,98.523896484375,100.72970703125
6.8608,7.0654,A,10,99.70777343750001,101.53384765625,100.163798828125,98.90998046875,98.52599609375
6.9632,7.1678,A,10,97.61544921875,99.514599609375,100.892880859375,97.58426757812501,98.54875
7.0656,7.2702,A,10,99.966396484375,100.82778320312501,98.893447265625,99.017041015625,100.03060546875
7.168,7.3726,A,10,101.542646484375,99.4059765625,98.77238281250001,101.376533203125,99.681572265625
7.2704,7.475,A,10,98.81561523437499,101.099970703125,99.74547851562501,98.378408203125,99.61984375
7.3728,7.5774,A,10,99.02332031249999,100.309404296875,100.213779296875,95.211640625,101.10963867187499
7.4752,7.6798,A,10,98.97055664062499,99.5873046875,100.27971679687501,100.303525390625,101.69123046875
7.5776,7.7822,A,10,100.14097656249999,101.8604296875,98.92436523437502,102.540615234375,102.164609375
7.68,7.8846,A,10,99.36179687500001,102.68995117187501,100.60886718750001,99.13130859374999,102.162958984375
7.7824,7.987,A,10,98.809638671875,101.62869140625,103.9884375,99.546796875,100.87392578125
7.8848,8.0894,A,10,100.72231445312501,99.349912109375,101.577353515625,98.67574218749999,99.882197265625
7.9872,8.1918,A,10,101.94461914062501,99.626435546875,99.32178710937501,98.16950195312499,98.26234375
8.0896,8.2942,A,10,101.51033203125,100.716298828125,99.72688476562502,100.133671875,100.417041015625
8.192,8.3966,A,10,99.797490234375,99.45261718750001,100.04943359375,101.1233203125,100.45736328125
8.2944,8.499,A,10,99.24773437500001,100.6195703125,100.163115234375,99.78556640625,99.281611328125
8.3968,8.6014,A,10,97.42,103.725888671875,100.08451171875001,98.75458984375,102.1588671875
8.4992,8.7038,A,10,100.095947265625,101.572099609375,102.00390625,100.2628125,102.543134765625
8.6016,8.8062,A,10,101.702099609375,99.138779296875,99.93813476562501,100.24396484375,99.809375
8.704,8.9086,A,10,97.007353515625,99.49363281250001,98.52403320312501,98.63751953125,99.82615234375001
8.8064,9.011,A,10,97.725244140625,100.42240234375001,98.673466796875,100.17384765624999,100.933251953125
8.9088,9.1134,A,10,100.38211914062501,100.781669921875,99.55054687500001,102.07724609374999,100.587001953125
9.0112,9.2158,A,10,100.977109375,99.52037109375,100.909267578125,101.61406249999999,100.120927734375
9.1136,9.3182,A,10,102.9478125,99.47740234375,101.417900390625,98.36826171875,99.84509765625
9.216,9.4206,A,10,102.52693359375,100.58189453124999,104.07908203125,98.02946289062501,99.621923828125
9.3184,9.523,A,10,99.991220703125,101.33400390624999,100.95834960937499,101.261591796875,99.97432617187499
9.4208,9.6254,A,10,100.467568359375,102.080263671875,100.15205078125,102.286953125,100.670439453125
9.5232,9.7278,A,10,100.452607421875,102.49025390625,102.940498046875,101.52529296875001,98.873251953125
9.6256,9.8302,A,10,100.683798828125,98.859404296875,100.4945703125,99.356201171875,100.292939453125
9.728,9.9326,A,10,100.246669921875,96.873994140625,99.4393359375,98.015810546875,101.879150390625
9.8304,10.035,A,10,99.28697265625,98.04626953125,99.4059375,99.18080078125001,99.846669921875
9.9328,10.1374,A,10,100.46625976562501,97.18558593750001,97.52184570312501,101.25455078125,102.06833984375001
10.0352,10.2398,A,10,102.2008203125,99.962373046875,100.52062500000001,100.706416015625,100.14537109375001
10.1376,10.3422,A,10,102.81341796874999,100.6918359375,102.743330078125,101.33845703125,98.49238281250001
10.24,10.4446,A,10,98.86789062499999,99.21154296875,99.392041015625,103.1076953125,100.556298828125
10.3424,10.547,A,10,96.258798828125,100.54494140625,97.174482421875,101.3628125,98.656318359375
10.4448,10.6494,A,10,99.54393554687499,100.006513671875,97.377236328125,100.40671875000001,96.9271484375
10.5472,10.7518,A,10,99.726708984375,101.365537109375,101.42793945312499,102.770537109375,96.73165039062499
10.6496,10.8542,A,10,99.971708984375,98.49228515625,100.146083984375,104.057548828125,95.022978515625
10.752,10.9566,A,10,100.947138671875,97.6379296875,100.23380859375,101.56368164062499,98.97513671875
10.8544,11.059,A,10,100.04643554687499,102.14548828125,102.65869140625,99.221953125,103.69156249999999
10.9568,11.1614,A,10,99.402294921875,101.106103515625,101.547822265625,99.076162109375,101.96058593749999
11.0592,11.2638,A,10,97.694580078125,101.801787109375,98.348447265625,99.89455078125,100.60440429687499
11.1616,11.3662,A,10,97.581728515625,103.99005859375,97.630888671875,100.61458984375,98.80091796875
11.264,11.4686,A,10,100.507197265625,102.156259765625,99.414970703125,98.371494140625,99.447265625
11.3664,11.571,A,10,99.976220703125,100.038505859375,100.17673828125001,98.126318359375,101.103515625
11.4688,11.6734,A,10,98.257685546875,99.232236328125,100.45839843750001,98.61142578124999,100.406865234375
11.5712,11.7758,A,10,99.29947265625,100.039541015625,98.874375,98.02684570312499,99.63630859375
11.6736,11.8782,A,10,100.51737304687501,99.70841796875,99.794345703125,98.849296875,99.48275390625
11.776,11.9806,A,10,99.37812500000001,98.39982421875,101.278994140625,100.747216796875,100.995263671875
11.8784,12.083,A,10,100.115361328125,100.29470703125,101.816787109375,101.624736328125,98.76771484375
11.9808,12.1854,A,10,103.55983398437499,103.2678125,100.37021484375,100.0296484375,97.80716796875001
12.0832,12.2878,A,10,99.378837890625,100.969794921875,97.570908203125,101.013759765625,99.89646484375001
12.1856,12.3902,A,10,98.927919921875,98.540615234375,97.53625,101.99690429687499,100.33231445312501
12.288,12.4926,A,10,101.702109375,99.85712890625001,100.325537109375,99.369814453125,97.578427734375
12.3904,12.595,A,10,100.928984375,101.72634765625,101.44026367187499,98.391748046875,96.593134765625
12.4928,12.6974,A,10,101.05427734374999,102.39585937499999,99.59371093749999,101.137216796875,98.495947265625
12.5952,12.7998,A,10,100.89904296875,101.661416015625,98.28185546875,99.68611328125,99.24837890625
12.6976,12.9022,A,10,100.021591796875,102.335322265625,101.354013671875,97.91010742187501,100.912734375
12.8,13.0046,A,10,100.34566406249999,103.09010742187499,103.655,99.321201171875,99.52711914062499
12.9024,13.107,A,10,99.188857421875,99.3422265625,101.472861328125,100.98710937499999,99.953779296875
13.0048,13.2094,A,10,98.34681640625001,98.21744140625,99.60234375,102.23345703125,101.087275390625
13.1072,13.3118,A,10,101.13720703125,99.638359375,99.6893359375,100.2516015625,100.21149414062499
13.2096,13.4142,A,10,100.45601562499999,100.310283203125,101.003232421875,99.20530273437501,99.74458984374999
13.312,13.5166,A,10,98.63755859375,100.544697265625,102.36408203125,101.1199609375,100.68630859375
13.4144,13.619,A,10,96.785859375,98.294287109375,103.4334375,103.407861328125,100.46427734375001
13.5168,13.7214,A,10,97.12078125,96.281591796875,101.630009765625,103.455908203125,99.96782226562499
13.6192,13.8238,A,10,101.59375976562501,96.28760742187501,100.349931640625,100.515546875,101.43453124999999
13.7216,13.9262,A,10,102.712119140625,97.91954101562501,98.723232421875,100.010478515625,101.05571289062499
13.824,14.0286,A,10,100.57932617187501,99.14063476562501,97.900576171875,98.62158203125,101.02048828125001
13.9264,14.131,A,10,100.25794921874999,100.133232421875,101.83984375,95.907216796875,99.485771484375
14.0288,14.2334,A,10,99.962373046875,99.12669921874999,103.692080078125,98.284365234375,98.143583984375
14.1312,14.3358,A,10,99.84845703125,98.05142578125,102.982724609375,100.347685546875,98.97215820312499
14.2336,14.4382,A,10,100.272763671875,99.81666015625001,100.36989257812499,100.287099609375,100.380224609375
14.336,14.5406,A,10,99.35080078125,101.1728515625,99.58666015624999,102.5748046875,100.02076171875001
14.4384,14.643,A,10,100.29884765625,101.487958984375,101.794248046875,103.94279296875001,98.76713867187499
14.5408,14.7454,A,10,99.7622265625,99.52451171875,102.1620703125,102.048291015625,102.70316406250001
14.6432,14.8478,A,10,99.98731445312501,97.28642578124999,101.49000000000001,101.588271484375,102.922734375
14.7456,14.9502,A,10,100.31205078125001,99.45381835937499,100.42080078125,101.3780859375,97.9309765625
14.848,15.0526,A,10,97.425234375,100.60259765625,100.38203125000001,101.58610351562501,98.838251953125
14.9504,15.155,A,10,96.291357421875,99.391259765625,99.7597265625,102.79712890625001,99.72841796875
15.0528,15.2574,A,10,97.195673828125,97.87283203125,100.739599609375,99.474150390625,99.664287109375
15.1552,15.3598,A,10,99.60001953125,100.921474609375,101.49998046875,98.175185546875,99.26606445312501
15.2576,15.4622,A,10,100.60720703125,103.1985546875,99.797470703125,101.455244140625,101.869921875
15.36,15.5646,A,10,100.53104492187501,101.48802734375,101.74435546875,101.57759765624999,103.64810546875
15.4624,15.667,A,10,100.14204101562501,101.75226562499999,101.23491210937502,101.62091796875,100.54552734375
15.5648,15.7694,A,10,100.03428710937501,103.9182421875,101.51439453125,103.088076171875,99.30120117187501
15.6672,15.8718,A,10,99.59316406250001,103.98582031250001,102.57432617187501,99.23165039062499,98.91666015625
15.7696,15.9742,A,10,99.124287109375,100.215380859375,99.664462890625,95.7038671875,100.18720703125
15.872,16.0766,A,10,96.48212890625001,97.4534765625,99.0809375,97.02272460937499,99.07036132812499
15.9744,16.179,A,10,94.95679687500001,98.45386718750001,101.15743164062499,97.42902343749999,97.691591796875
16.0768,16.2814,A,10,98.474462890625,99.82767578125001,101.825,99.29017578125,98.19282226562501
16.1792,16.3838,A,10,99.81517578125,101.182744140625,101.28080078125001,97.504833984375,99.63900390625
16.2816,16.4862,A,10,101.72541015625,103.18346679687501,99.206162109375,97.17409179687499,100.463037109375
16.384,16.5886,A,10,100.89240234375,103.13470703125,98.88553710937501,101.26888671875,100.19720703125
16.4864,16.691,A,10,99.94000976562499,101.17173828125,101.61058593749999,100.869033203125,99.86280273437501
16.5888,16.7934,A,10,100.682099609375,99.52605468750001,103.41845703125,98.861357421875,97.48001953125001
16.6912,16.8958,A,10,100.36056640625,100.94211914062501,100.91332031249999,99.389423828125,97.61294921875
16.7936,16.9982,A,10,99.2107421875,100.8101171875,99.59331054687499,100.297333984375,98.27977539062499
16.896,17.1006,A,10,97.839208984375,101.36873046874999,102.12538085937499,98.640234375,96.185712890625
16.9984,17.203,A,10,98.14182617187501,100.330517578125,100.65100585937499,98.3651171875,97.526494140625
17.1008,17.3054,A,10,98.801025390625,99.482177734375,100.223330078125,100.50345703125001,102.37693359375
17.2032,17.4078,A,10,98.805478515625,99.49330078125001,100.47536132812499,100.59155273437501,102.690400390625
17.3056,17.5102,A,10,99.662939453125,100.74206054687501,100.269140625,99.06193359375001,100.327294921875
17.408,17.6126,A,10,100.791748046875,101.68503906250001,101.546015625,97.37978515625,102.219072265625
17.5104,17.715,A,10,100.07361328125,97.54623046875001,101.51666015625,99.06105468749999,101.63623046875
17.6128,17.8174,A,10,101.619453125,98.07737304687501,99.0878125,101.513828125,100.4212890625
17.7152,17.9198,A,10,101.852783203125,97.608798828125,96.726982421875,100.470302734375,101.61857421875
17.8176,18.0222,A,10,101.44271484375,98.744375,99.03802734375,98.48265624999999,101.429521484375
17.92,18.1246,A,10,102.919130859375,98.7657421875,100.841484375,99.078798828125,98.280390625
18.0224,18.227,A,10,101.98724609375,98.0719921875,100.636748046875,99.702548828125,97.28873046875
18.1248,18.3294,A,10,101.13188476562499,100.982939453125,99.88154296875001,99.23140624999999,102.430390625
18.2272,18.4318,A,10,101.58690429687499,99.24165039062498,100.0936328125,101.987001953125,101.895263671875
18.3296,18.5342,A,10,99.26142578124998,99.7255859375,100.03174804687501,102.42012695312499,101.00625
18.432,18.6366,A,10,98.44161132812499,99.372314453125,99.647578125,101.188212890625,105.193818359375
18.5344,18.739,A,10,100.34396484375,96.89408203125001,99.487333984375,100.206611328125,103.458125
18.6368,18.8414,A,10,99.4875,99.40496093750001,98.181611328125,100.586513671875,100.32423828124999
18.7392,18.9438,A,10,96.22275390625,100.07081054687501,98.9879296875,101.59220703125,100.7780078125
18.8416,19.0462,A,10,99.55875976562501,98.62986328125,102.22150390625,99.63080078125,100.21986328125
18.944,19.1486,A,10,103.990302734375,100.08885742187499,100.805546875,98.504814453125,99.684580078125
19.0464,19.251,A,10,100.098818359375,99.291044921875,98.120517578125,99.27482421875001,100.92044921875001
19.1488,19.3534,A,10,98.55109375,97.658330078125,96.911201171875,100.87798828125,100.90190429687499
19.2512,19.4558,A,10,100.87625976562501,98.97777343750002,96.49745117187501,101.3675,98.60504882812499
19.3536,19.5582,A,10,100.55934570312499,100.36533203125,97.37147460937501,100.133427734375,97.307705078125
19.456,19.6606,A,10,99.10716796874999,99.76686523437499,98.477978515625,100.848017578125,101.16109374999999
19.5584,19.763,A,10,100.357744140625,100.19548828125,101.128662109375,100.698544921875,103.65675781249999
19.6608,19.8654,A,10,101.7005078125,99.418818359375,101.589052734375,101.90386718750001,100.9379296875
19.7632,19.9678,A,10,101.40263671875,99.4041015625,101.748203125,101.42990234375,100.6562109375
19.8656,20.0702,A,10,100.4068359375,101.94007812500001,98.95917968750001,97.992060546875,99.245234375
19.968,20.1726,A,10,97.78572265625,100.575615234375,98.211796875,96.89083007812499,99.577607421875
20.0704,20.275,A,10,98.87328125,99.7771875,100.09921875,98.38082031249999,99.82798828125
20.1728,20.3774,A,10,99.834580078125,100.446279296875,100.73373046875,100.39298828125,98.92051757812499
20.2752,20.4798,A,10,98.26946289062501,99.94794921875001,100.091826171875,101.04834960937501,99.273662109375
20.3776,20.5822,A,10,99.66148437500001,99.945498046875,99.33064453124999,100.807158203125,99.65440429687501
20.48,20.6846,A,10,100.56342773437501,98.15037109375,101.04420898437499,99.208740234375,100.642734375
20.5824,20.787,A,10,100.338017578125,98.907958984375,101.14281249999999,101.0685546875,100.3383203125
20.6848,20.8894,A,10,101.172275390625,102.1159375,98.863154296875,103.60990234375001,100.31564453125
20.7872,20.9918,A,10,100.9836328125,100.686845703125,96.9467578125,102.49953125,100.787646484375
20.8896,21.0942,A,10,99.4228125,97.88065429687501,98.62859375,100.709228515625,101.790185546875
20.992,21.1966,A,10,100.369169921875,99.153505859375,100.00819335937501,99.74364257812499,101.24760742187499
21.0944,21.299,A,10,100.19991210937499,100.582421875,99.925556640625,98.3237109375,99.4325390625
21.1968,21.4014,A,10,99.015556640625,100.83888671875,98.628359375,100.098193359375,100.67744140625001
21.2992,21.5038,A,10,99.31520507812499,101.71693359375,96.16359375,101.229736328125,102.91994140625
21.4016,21.6062,A,10,101.16084960937499,100.654111328125,99.36208984375,99.20845703124999,102.1897265625
21.504,21.7086,A,10,102.527802734375,100.7328125,102.68728515625,99.72955078125,101.314892578125
21.6064,21.811,A,10,99.84548828125,100.7268359375,100.709931640625,102.85764648437501,101.027119140625
21.7088,21.9134,A,10,100.478740234375,101.05301757812501,97.851298828125,104.27071289062499,99.87858398437501
21.8112,22.0158,A,10,101.7105078125,99.892724609375,98.889765625,101.8143359375,97.003056640625
21.9136,22.1182,A,10,100.72464843750001,100.28539062499999,100.772255859375,99.841953125,99.358369140625
22.016,22.2206,A,10,99.40189453125001,102.64859375,100.1595703125,98.10220703125,101.609013671875
22.1184,22.323,A,10,99.63776367187499,101.95128906250001,99.712431640625,98.718857421875,98.9621484375
22.2208,22.4254,A,10,101.822216796875,101.1442578125,99.51729492187499,100.873984375,98.66677734375
22.3232,22.5278,A,10,100.635712890625,100.38845703125,100.452587890625,99.88216796875,100.420966796875
22.4256,22.6302,A,10,99.04014648437501,100.449736328125,101.7555078125,101.148017578125,100.478759765625
22.528,22.7326,A,10,97.88802734375,98.22203125,98.965146484375,99.617919921875,100.477314453125
22.6304,22.835,A,10,99.507392578125,98.08402343750001,99.902744140625,96.7423046875,99.94302734375
22.7328,22.9374,A,10,99.3209765625,100.73915039062501,102.86794921875,98.4001171875,97.01691406249999
22.8352,23.0398,A,10,99.42216796875,101.87783203125,102.76886718749999,101.9006640625,98.26166992187501
22.9376,23.1422,A,10,102.153251953125,99.169814453125,102.0768359375,103.982685546875,100.50996093750001
23.04,23.2446,A,10,100.14676757812501,97.42436523437499,103.34828125000001,99.94260742187501,100.79654296875
23.1424,23.347,A,10,98.6630859375,99.25912109375,102.307392578125,100.00921875,99.893447265625
23.2448,23.4494,A,10,100.98667968750001,99.224794921875,97.54741210937499,100.45540039062502,97.724599609375
23.3472,23.5518,A,10,102.02197265625,96.63693359375,99.557646484375,97.046142578125,99.16001953125
23.4496,23.6542,A,10,98.46962890625001,98.15773437499999,102.03837890625,98.2615234375,98.812099609375
23.552,23.7566,A,10,96.85376953125001,101.65876953124999,99.04966796875001,101.00386718749999,96.17470703125
23.6544,23.859,A,10,98.197138671875,99.1930859375,98.43217773437502,103.03832031249999,98.934443359375
23.7568,23.9614,A,10,97.57990234375,97.904404296875,100.47977539062501,101.051640625,100.3960546875
23.8592,24.0638,A,10,97.3933984375,99.742041015625,99.11904296875001,98.56423828125,97.800107421875
23.9616,24.1662,A,10,101.398203125,101.868857421875,101.93205078125001,97.811796875,97.770537109375
24.064,24.2686,A,10,102.469580078125,102.21059570312501,102.576767578125,95.731669921875,98.93779296874999
24.1664,24.371,A,10,99.366298828125,102.8453125,98.889345703125,96.124326171875,100.13142578124999
24.2688,24.4734,A,10,99.559765625,100.19447265625,100.44546875,100.07497070312502,100.4012109375
24.3712,24.5758,A,10,103.502021484375,98.92365234374999,98.91260742187501,98.780537109375,101.37049804687499
24.4736,24.6782,A,10,102.0733984375,99.559970703125,97.29537109375,96.15206054687499,99.949765625
24.576,24.7806,A,10,98.120576171875,98.82294921875001,98.054765625,98.67345703125,98.176396484375
24.6784,24.883,A,10,97.936904296875,100.91685546875,98.73897460937499,98.88542968750001,98.71623046875001
24.7808,24.9854,A,10,99.1057421875,99.87787109375,101.87410156250002,97.30837890625,95.831962890625
24.8832,25.0878,A,10,100.9175390625,100.496796875,100.98681640625,96.802734375,95.262041015625
24.9856,25.1902,A,10,96.8643359375,100.8725,99.59840820312499,100.69697265625001,98.67777343750001
25.088,25.2926,A,10,97.935087890625,100.5853125,99.45048828124999,101.881904296875,100.1771875
25.1904,25.395,A,10,101.37040039062501,103.37037109375001,102.78369140625,99.976396484375,99.234404296875
25.2928,25.4974,A,10,97.511591796875,101.268427734375,104.0514453125,98.21099609375,99.374619140625
25.3952,25.5998,A,10,96.563046875,101.23246093750001,101.37423828125,96.63800781249999,102.0080859375
25.4976,25.7022,A,10,99.3519921875,102.12392578125,100.961416015625,97.971005859375,102.34325195312499
25.6,25.8046,A,10,101.14364257812501,99.659365234375,98.999482421875,99.19401367187498,102.11412109374999
25.7024,25.907,A,10,100.78508789062501,99.097412109375,97.8038671875,99.49263671874999,101.401591796875
25.8048,26.0094,A,10,101.260068359375,100.562431640625,99.30433593750001,100.063701171875,99.12630859375
25.9072,26.1118,A,10,99.917119140625,103.267470703125,100.97689453125,100.698330078125,100.39702148437499
26.0096,26.2142,A,10,99.178330078125,101.36353515625,100.02697265625,100.77916015625,100.70313476562501
26.112,26.3166,A,10,100.84076171875,98.673564453125,98.0036328125,100.813154296875,99.22892578125001
26.2144,26.419,A,10,101.908427734375,100.578828125,99.3461328125,101.34044921875,97.5967578125
26.3168,26.5214,A,10,101.640986328125,101.67107421875,101.165224609375,100.908837890625,98.5872265625
26.4192,26.6238,A,10,99.77332031249999,100.723017578125,100.19412109375,100.29579101562501,100.04291015625
26.5216,26.7262,A,10,99.37577148437501,100.47440429687501,100.79948242187498,98.6837109375,100.88861328125
26.624,26.8286,A,10,99.201982421875,101.1119140625,102.71101562499999,98.88065429687501,102.94747070312499
26.7264,26.931,A,10,97.284013671875,101.197021484375,102.021728515625,101.43095703125,101.03371093749999
26.8288,27.0334,A,10,97.43406250000001,100.98876953125,99.842666015625,101.983603515625,100.10942382812499
26.9312,27.1358,A,10,99.12513671875,100.76755859375,100.15238281250001,101.76020507812501,100.824189453125
27.0336,27.2382,A,10,100.59337890625,100.012998046875,98.5340625,98.827451171875,99.42296875
27.136,27.3406,A,10,99.9082421875,99.11634765625,97.072998046875,96.224208984375,100.25314453125
27.2384,27.443,A,10,99.3685546875,100.674072265625,97.63211914062501,98.416923828125,102.12303710937499
27.3408,27.5454,A,10,100.652451171875,104.690390625,98.821796875,99.290322265625,102.080595703125
27.4432,27.6478,A,10,102.34341796875,106.50677734375,100.34227539062499,98.705947265625,101.44345703125
27.5456,27.7502,A,10,101.180390625,102.288232421875,101.774501953125,99.44384765625,102.04044921875001
27.648,27.8526,A,10,97.51393554687499,98.746142578125,103.24388671874999,100.74693359375001,101.4422265625
27.7504,27.955,A,10,99.108330078125,98.3599609375,99.68826171875,104.65255859375,101.51078125000001
27.8528,28.0574,A,10,103.28640625,99.251181640625,98.96506835937501,102.66945312500002,99.437802734375
27.9552,28.1598,A,10,103.583291015625,100.27548828125,100.137939453125,99.239169921875,96.544033203125
28.0576,28.2622,A,10,101.2170703125,100.15005859375,99.2222265625,99.54993164062499,96.941162109375
28.16,28.3646,A,10,100.947900390625,103.23267578125001,99.723447265625,99.7376171875,96.411181640625
28.2624,28.467,A,10,99.13820312499999,102.65396484375,102.88570312499999,97.9194921875,98.05119140625
28.3648,28.5694,A,10,97.854951171875,98.594541015625,105.35091796875,97.743642578125,98.429619140625
28.4672,28.6718,A,10,99.095830078125,97.803115234375,102.81876953125,101.322177734375,97.19375
28.5696,28.7742,A,10,98.436005859375,98.028837890625,100.460546875,100.64841796875001,99.085693359375
28.672,28.8766,A,10,97.341357421875,99.90939453125,99.125712890625,100.60047851562501,102.289423828125
28.7744,28.979,A,10,96.70185546875,98.82366210937501,95.82,102.09607421875,103.11183593749999
28.8768,29.0814,A,10,97.10869140625,98.11225585937501,96.932861328125,99.2967578125,104.79243164062501
28.9792,29.1838,A,10,99.630048828125,99.82050781250001,101.6082421875,96.6275,103.177109375
29.0816,29.2862,A,10,100.590517578125,100.284130859375,103.79001953125,98.78379882812501,97.8562890625
29.184,29.3886,A,10,100.211455078125,98.75006835937499,101.4655078125,98.80204101562501,99.780263671875
29.2864,29.491,A,10,98.513818359375,97.19927734375,97.8447265625,99.695341796875,101.95536132812501
29.3888,29.5934,A,10,96.2711328125,100.3760546875,100.68521484375,101.593623046875,100.677265625
29.4912,29.6958,A,10,99.07877929687498,98.99791015625,101.61863281250001,100.47373046875,102.1013671875
29.5936,29.7982,A,10,102.166357421875,96.599365234375,98.22161132812501,98.01610351562499,102.8419921875
29.696,29.9006,A,10,102.801640625,100.45068359375,98.67291015625,100.189345703125,102.09529296875
29.7984,30.003,A,10,102.27710937500001,102.56515624999999,101.68357421875,102.86537109375,101.14958007812501
29.9008,30.1054,A,10,101.844658203125,101.99451171874999,99.7115625,100.65058593750001,101.83681640625
30.0032,30.2078,A,10,101.043271484375,100.27166015625,96.85037109375,99.560078125,101.060966796875
30.1056,30.3102,A,10,99.38358398437501,98.189482421875,97.09384765624999,100.1623046875,100.801201171875
30.208,30.4126,A,10,100.909375,98.59462890625,97.268583984375,102.804375,103.864638671875
30.3104,30.515,A,10,101.024248046875,98.28267578125,99.941611328125,101.723173828125,100.48400390625
30.4128,30.6174,A,10,98.715576171875,100.41906250000001,99.7028515625,101.250078125,98.2567578125
30.5152,30.7198,A,10,99.60453125,102.763798828125,98.80403320312499,102.657734375,100.4271875
30.6176,30.8222,A,10,100.479677734375,101.14272460937501,99.77277343749999,102.289873046875,100.85904296875
30.72,30.9246,A,10,98.403251953125,102.68517578125,97.134228515625,100.369267578125,100.228359375
30.8224,31.027,A,10,96.951630859375,102.0401171875,97.64962890625,101.839296875,99.46873046875001
30.9248,31.1294,A,10,98.84711914062501,101.264619140625,99.281650390625,103.19728515624999,100.903193359375
31.0272,31.2318,A,10,102.119716796875,102.168310546875,97.86842773437499,101.37236328125,103.79240234374998
31.1296,31.3342,A,10,100.5806640625,101.53418945312501,99.089921875,99.40333007812501,101.4748828125
31.232,31.4366,A,10,97.165458984375,99.723828125,100.6575,99.75126953125,99.346650390625
31.3344,31.539,A,10,97.674111328125,99.15135742187499,100.69748046875,101.536015625,100.41490234375
31.4368,31.6414,A,10,101.780830078125,101.10638671875,101.77220703125,99.1744140625,99.7048046875
31.5392,31.7438,A,10,102.021572265625,99.03361328125,100.1939453125,101.38333984375001,99.354384765625
31.6416,31.8462,A,10,98.987001953125,98.37216796875,99.341572265625,100.45201171875,99.64318359375
31.744,31.9486,A,10,99.62746093749999,101.0629296875,98.44260742187501,99.44658203125,99.02349609375
31.8464,32.051,A,10,101.474296875,99.933017578125,98.83923828125,102.55826171875,100.14180664062499
31.9488,32.1534,A,10,102.86210937499999,98.259267578125,101.39164062500001,99.358173828125,102.15595703125
32.0512,32.2558,A,10,101.357294921875,98.12727539062502,100.180078125,97.479677734375,99.63767578125
32.1536,32.3582,A,10,99.052705078125,95.781728515625,97.96971679687499,97.1758203125,100.2366796875
32.256,32.4606,A,10,99.71681640624999,96.94063476562499,97.11634765625,100.18267578125,100.80029296875
32.3584,32.563,A,10,99.04030273437499,97.470595703125,99.457763671875,103.6326171875,100.305703125
32.4608,32.6654,A,10,99.66078125,97.54458984375,102.153525390625,101.43205078125,103.175537109375
32.5632,32.7678,A,10,99.119375,101.50064453125,101.656171875,97.94744140625,102.04067382812501
32.6656,32.8702,A,10,98.40018554687501,102.13160156250001,99.35814453124999,98.248203125,98.203642578125
32.768,32.9726,A,10,97.58448242187501,103.16587890625001,99.1234765625,98.467841796875,97.257705078125
32.8704,33.075,A,10,95.537001953125,100.82124999999999,102.15253906250001,98.534873046875,98.360625
32.9728,33.1774,A,10,97.257236328125,100.013720703125,101.904892578125,100.731015625,98.018115234375
33.0752,33.2798,A,10,97.30408203125,102.94477539062501,99.277041015625,102.019931640625,98.102841796875
33.1776,33.3822,A,10,99.232294921875,101.821357421875,99.520673828125,102.021044921875,99.14263671875
33.28,33.4846,A,10,99.1441015625,102.186435546875,100.15213867187501,102.371982421875,97.121591796875
33.3824,33.587,A,10,98.90781249999999,99.51786132812501,99.52337890625,100.71302734375,97.924833984375
33.4848,33.6894,A,10,101.21224609375,99.413701171875,100.15757812500001,98.1780859375,99.48927734374999
33.5872,33.7918,A,10,100.681005859375,102.68990234374999,100.60912109375,101.1696484375,99.08988281250001
33.6896,33.8942,A,10,99.386083984375,101.545634765625,98.46436523437501,102.25642578124999,98.652216796875
33.792,33.9966,A,10,101.07236328125,98.36796874999999,97.11719726562501,100.027216796875,99.531796875
33.8944,34.099,A,10,101.314267578125,97.868583984375,98.392333984375,99.92992187499999,99.824970703125
33.9968,34.2014,A,10,97.35768554687499,98.14183593749999,100.47228515625,100.171513671875,99.543828125
34.0992,34.3038,A,10,99.283173828125,97.985537109375,101.184970703125,101.84987304687499,99.47310546874999
34.2016,34.4062,A,10,101.66355468750001,99.5128125,102.15841796875,101.91998046875,96.4675
34.304,34.5086,A,10,100.145625,98.354267578125,100.75068359375,100.30260742187501,97.162919921875
34.4064,34.611,A,10,99.12916992187499,99.92218749999999,98.92697265625,100.44669921875001,99.222646484375
34.5088,34.7134,A,10,99.592880859375,101.87701171875,99.730361328125,100.691962890625,97.91869140625
34.6112,34.8158,A,10,100.58580078125,100.48420898437502,100.86040039062499,98.465966796875,98.46357421875
34.7136,34.9182,A,10,101.46540039062499,99.46283203125,100.726044921875,97.588310546875,99.99595703125
34.816,35.0206,A,10,101.603955078125,98.574189453125,104.33515625,99.61934570312499,102.21685546875
34.9184,35.123,A,10,99.84216796875,100.46927734375,102.246435546875,100.9537890625,102.9562109375
35.0208,35.2254,A,10,99.33467773437499,101.35204101562499,100.18748046875,100.44315429687501,101.72048828125
35.1232,35.3278,A,10,100.67545898437498,101.41617187499999,103.113623046875,99.9470703125,103.8674609375
35.2256,35.4302,A,10,100.57294921875,101.54609374999998,98.904091796875,98.61226562499999,102.909501953125
35.328,35.5326,A,10,98.607041015625,99.89396484375,95.753154296875,98.6809375,100.017001953125
35.4304,35.635,A,10,100.17012695312499,99.70143554687502,99.18946289062501,98.7138671875,99.250009765625
35.5328,35.7374,A,10,102.32233398437499,100.63093750000002,102.063681640625,99.882275390625,100.767607421875
35.6352,35.8398,A,10,99.02921875,101.27708007812501,98.05115234375,100.58927734375,99.83364257812501
35.7376,35.9422,A,10,97.0866015625,100.5967578125,101.36888671875,99.490048828125,97.72998046875
35.84,36.0446,A,10,98.11388671875,102.569384765625,105.17779296875,99.80831054687499,98.45795898437501
35.9424,36.147,A,10,98.66396484375,101.432822265625,102.084755859375,97.978828125,98.981650390625
36.0448,36.2494,A,10,99.74060546875,100.400732421875,101.13947265625,97.343935546875,100.81771484375
36.1472,36.3518,A,10,101.90068359375002,98.805302734375,99.03115234375,97.75580078125,99.44476562499999
36.2496,36.4542,A,10,100.888154296875,95.726669921875,100.48654296875,99.28193359375,99.61861328124999
36.352,36.5566,A,10,97.926220703125,98.429853515625,101.92641601562501,101.2603125,99.34566406249999
36.4544,36.659,A,10,99.241787109375,98.80142578125,100.99208007812501,100.9027734375,98.028720703125
36.5568,36.7614,A,10,101.341669921875,98.410576171875,100.586298828125,100.843173828125,101.30064453124999
36.6592,36.8638,A,10,99.72297851562499,100.69829101562499,98.25794921875,98.861513671875,102.83301757812501
36.7616,36.9662,A,10,99.43726562499998,101.394140625,95.33923828125,96.5883203125,100.5673828125
36.864,37.0686,A,10,99.93776367187499,98.236513671875,99.16905273437499,98.03421875000001,98.61540039062501
36.9664,37.171,A,10,101.34154296874999,96.25703125000001,104.46265625,102.211279296875,100.598408203125
37.0688,37.2734,A,10,102.346064453125,98.326435546875,101.1890234375,104.22261718749999,99.988330078125
37.1712,37.3758,A,10,98.95205078125,100.748203125,96.731416015625,102.73070312499999,99.98323242187502
37.2736,37.4782,A,10,100.50385742187501,101.160810546875,99.081123046875,100.510166015625,102.73598632812501
37.376,37.5806,A,10,99.612216796875,100.030166015625,100.7984375,96.20208984375,101.80578125
37.4784,37.683,A,10,98.5641796875,99.66068359375001,99.83870117187499,97.665654296875,101.1400390625
37.5808,37.7854,A,10,100.75181640625,97.33515625,101.620224609375,101.99271484375,100.632783203125
37.6832,37.8878,A,10,101.084423828125,98.19361328125,101.64236328125,100.81654296875,100.876240234375
37.7856,37.9902,A,10,100.176630859375,101.110048828125,100.90073242187499,99.289189453125,100.20525390625
37.888,38.0926,A,10,101.558984375,100.00775390625,101.25650390624999,99.889765625,99.17392578125
37.9904,38.195,A,10,103.32941406249999,100.097412109375,99.48298828124999,100.547294921875,101.382255859375
38.0928,38.2974,A,10,100.86749999999999,101.36935546875,97.736748046875,101.219287109375,102.46585937500001
38.1952,38.3998,A,10,101.02516601562499,100.3671484375,99.4148046875,99.65453125,103.92899414062501
38.2976,38.5022,A,10,102.7162109375,99.9712890625,97.40734375,100.606025390625,103.789658203125
38.4,38.6046,A,10,101.53841796875,101.895048828125,95.50010742187499,100.52873046875001,102.214013671875
38.5024,38.707,A,10,99.0397265625,100.227626953125,96.3601953125,100.767626953125,100.64571289062499
38.6048,38.8094,A,10,99.265263671875,97.74757812499999,96.439580078125,101.777041015625,101.038212890625
38.7072,38.9118,A,10,101.961025390625,101.58281249999999,99.900234375,100.67906249999999,101.03998046875
38.8096,39.0142,A,10,100.42509765624999,103.079345703125,101.86527343750001,99.96165039062501,96.44787109375
38.912,39.1166,A,10,96.91190429687501,100.367548828125,101.012265625,99.610400390625,96.8012109375
39.0144,39.219,A,10,98.22126953124999,99.40255859375,102.20465820312499,100.24482421875,97.82240234374999
39.1168,39.3214,A,10,99.74126953125,98.78428710937499,102.27224609375,99.75041015625,99.50556640625
39.2192,39.4238,A,10,98.57568359375,99.0208984375,100.70148437499999,99.32123046875,100.8314453125
39.3216,39.5262,A,10,99.244287109375,97.06900390625,100.90167968749999,99.90201171875,97.76478515625
39.424,39.6286,A,10,101.087548828125,98.758486328125,102.261083984375,101.231533203125,97.47557617187499
39.5264,39.731,A,10,100.49782226562499,103.72267578125,100.91544921875,99.77665039062501,100.47130859375
39.6288,39.8334,A,10,101.45529296875,104.224189453125,100.546875,97.72275390625,102.771240234375
39.7312,39.9358,A,10,102.507197265625,101.47879882812501,102.88755859375001,98.12105468749999,99.680029296875
39.8336,40.0382,A,10,102.081064453125,99.42592773437501,100.87880859375,100.63915039062499,97.97525390625
39.936,40.1406,A,10,101.869169921875,98.395361328125,97.49738281249999,101.3287890625,95.11014648437501
40.0384,40.243,A,10,98.622158203125,98.85671875,99.609013671875,100.63161132812499,92.91166992187499
40.1408,40.3454,A,10,97.38025390625,99.55235351562499,100.850068359375,99.8667578125,97.628232421875
40.2432,40.4478,A,10,98.760068359375,99.32525390625,99.344658203125,100.33827148437499,102.604052734375
40.3456,40.5502,A,10,99.34566406249999,98.0867578125,99.0113671875,100.01517578125001,102.5192578125
40.448,40.6526,A,10,101.73134765625,98.98361328125,100.94413085937501,99.10599609375001,100.37142578125
40.5504,40.755,A,10,99.38727539062499,100.34353515625,102.489599609375,99.09492187500001,100.60224609375
40.6528,40.8574,A,10,96.929013671875,100.02697265625,103.300498046875,99.625537109375,100.22474609375
40.7552,40.9598,A,10,99.30122070312501,99.9040625,101.680966796875,102.094169921875,99.597275390625
40.8576,41.0622,A,10,99.83013671875,97.744072265625,101.4867578125,102.014140625,100.056630859375
40.96,41.1646,A,10,98.679150390625,98.247568359375,103.174306640625,100.76611328125,99.618466796875
41.0624,41.267,A,10,99.57224609375,102.529375,100.11826171875,98.69420898437501,99.75194335937499
41.1648,41.3694,A,10,101.95462890625001,103.86955078125001,99.00626953125001,98.98481445312501,98.56691406249999
41.2672,41.4718,A,10,100.32972656250001,98.690302734375,100.90352539062499,99.151630859375,98.08354492187499
41.3696,41.5742,A,10,99.97921875,95.8120703125,100.24154296875,99.07701171875,98.84583007812499
41.472,41.6766,A,10,98.85982421874999,96.964677734375,98.674501953125,100.20494140625,97.8694140625
41.5744,41.779,A,10,98.990322265625,97.335478515625,100.22999999999999,99.233369140625,96.906767578125
41.6768,41.8814,A,10,102.63737304687498,100.72501953125,100.1505859375,101.12814453125,96.63416992187501
41.7792,41.9838,A,10,103.07643554687499,100.8439453125,98.26626953125,101.59119140625,100.152509765625
41.8816,42.0862,A,10,102.817138671875,100.05399414062501,98.792138671875,101.03288085937498,101.534609375
41.984,42.1886,A,10,102.84308593749999,102.094326171875,101.64841796875001,103.429375,99.52811523437501
42.0864,42.291,A,10,97.73576171875,102.303642578125,101.696044921875,103.844931640625,98.97716796875
42.1888,42.3934,A,10,95.15439453125,100.45488281249999,100.3784765625,100.097529296875,100.91209960937499
42.2912,42.4958,A,10,98.86142578125,97.47705078125,99.759697265625,99.708837890625,102.29173828124999
42.3936,42.5982,A,10,99.75826171874999,98.79302734375,98.22185546875001,101.31026367187499,103.920283203125
42.496,42.7006,A,10,101.66759765625,99.45018554687499,101.183232421875,101.13408203125,101.9047265625
42.5984,42.803,A,10,103.2878125,97.76513671875,103.6672265625,100.72172851562499,99.286025390625
42.7008,42.9054,A,10,102.4459375,98.302705078125,99.104345703125,96.87689453125,100.193466796875
42.8032,43.0078,A,10,99.380732421875,99.64283203125,99.3567578125,97.95244140625,100.873896484375
42.9056,43.1102,A,10,98.6400390625,97.73325195312499,102.414697265625,100.8459375,100.37986328125001
43.008,43.2126,A,10,98.674931640625,95.2470703125,100.93478515625,100.8976171875,98.93685546875
43.1104,43.315,A,10,98.982119140625,97.928525390625,101.35990234375,102.37787109375,100.69802734375
43.2128,43.4174,A,10,103.757265625,100.22154296875,100.74658203125,100.308232421875,101.066240234375
43.3152,43.5198,A,10,102.101689453125,97.49853515625,98.8839453125,96.159873046875,98.575126953125
43.4176,43.6222,A,10,99.968837890625,97.32181640625001,98.911708984375,98.05062500000001,99.165693359375
43.52,43.7246,A,10,100.43344726562499,98.128017578125,98.85873046875,98.540439453125,101.904375
43.6224,43.827,A,10,100.313388671875,98.807265625,100.090771484375,99.58209960937499,101.99141601562499
43.7248,43.9294,A,10,102.337177734375,101.425009765625,101.651298828125,102.679541015625,99.9715625
43.8272,44.0318,A,10,100.4946875,98.968876953125,101.62380859375,102.4099609375,98.63376953125001
43.9296,44.1342,A,10,98.960966796875,97.577451171875,98.95638671875,101.02860351562501,100.28254882812502
44.032,44.2366,A,10,100.8184765625,100.03666015625,97.22041015625001,100.11521484375001,101.52013671875001
44.1344,44.339,A,10,102.288994140625,99.22302734375,100.472998046875,100.96663085937502,98.174404296875
44.2368,44.4414,A,10,100.63609375,97.182294921875,103.91681640625,99.498212890625,96.48025390625
44.3392,44.5438,A,10,100.771181640625,97.03438476562499,103.014033203125,97.99998046874998,100.263212890625
44.4416,44.6462,A,10,101.3987109375,98.923427734375,98.808037109375,97.038544921875,102.94024414062501
44.544,44.7486,A,10,100.47414062499999,100.163681640625,97.28606445312501,100.2583203125,102.06986328125001
44.6464,44.851,A,10,100.40271484375,100.484853515625,99.778193359375,103.58716796875001,97.916953125
44.7488,44.9534,A,10,99.496171875,101.03955078125,99.94140625,102.847939453125,97.846953125
44.8512,45.0558,A,10,97.6334375,100.51761718750001,100.32771484375,102.78921874999999,100.89697265625
44.9536,45.1582,A,10,95.580068359375,99.62841796875001,100.037021484375,102.7940625,100.6735546875
45.056,45.2606,A,10,98.854521484375,100.11307617187501,97.89100585937501,101.84855468750001,99.966181640625
45.1584,45.363,A,10,102.129130859375,101.533720703125,98.26438476562501,99.21271484375,99.741318359375
45.2608,45.4654,A,10,99.70845703124999,101.926826171875,100.12397460937501,98.549609375,100.973828125
45.3632,45.5678,A,10,98.0680859375,99.22786132812502,97.872890625,101.065927734375,99.33966796874999
45.4656,45.6702,A,10,97.0690625,98.21325195312501,94.6978515625,100.448935546875,96.65345703125
45.568,45.7726,A,10,97.515322265625,100.181171875,97.29427734375,98.73281250000001,98.38984375000001
45.6704,45.875,A,10,102.244267578125,99.89384765625,98.921796875,98.757216796875,99.541435546875
45.7728,45.9774,A,10,103.625478515625,99.74268554687501,99.20216796874999,98.18238281250001,99.74410156249999
45.8752,46.0798,A,10,101.653837890625,99.64693359374999,99.96907226562499,98.93721679687499,100.48192382812499
45.9776,46.1822,A,10,100.732861328125,100.609501953125,99.243154296875,99.862314453125,101.25638671875
46.08,46.2846,A,10,101.85392578125,99.81791992187499,99.859482421875,102.095654296875,98.62048828125
46.1824,46.387,A,10,99.925048828125,100.1253515625,103.24646484374999,101.44181640625,98.5044921875
46.2848,46.4894,A,10,97.666337890625,102.5266015625,100.285556640625,98.596865234375,100.649423828125
46.3872,46.5918,A,10,100.1051171875,99.981025390625,97.46197265625,99.90869140625,99.684697265625
46.4896,46.6942,A,10,99.46810546875,99.441435546875,98.986953125,99.46250976562499,99.22076171875
46.592,46.7966,A,10,99.337861328125,100.2132421875,100.39131835937499,98.016748046875,99.60777343749999
46.6944,46.899,A,10,101.32972656250001,97.54583007812501,102.38783203125,100.5180859375,99.77455078125
46.7968,47.0014,A,10,102.411708984375,98.801767578125,102.809306640625,100.904794921875,97.5925
46.8992,47.1038,A,10,100.11377929687501,100.658994140625,102.37002929687499,96.57740234375,98.787685546875
47.0016,47.2062,A,10,99.43375976562501,99.3355078125,100.15908203125,96.76419921875001,99.6720703125
47.104,47.3086,A,10,101.46810546875,99.48360351562499,98.817548828125,101.0628125,97.048876953125
47.2064,47.411,A,10,100.298671875,101.0134375,98.59770507812499,98.477880859375,96.11630859375
47.3088,47.5134,A,10,100.412490234375,101.634580078125,97.85288085937499,94.09484375,96.049306640625
47.4112,47.6158,A,10,100.37978515625,103.278779296875,99.26344726562499,97.976953125,97.651259765625
47.5136,47.7182,A,10,100.42659179687499,103.39263671875,101.864990234375,102.177119140625,99.73685546875
47.616,47.8206,A,10,99.843349609375,101.17298828125,100.584296875,101.7375390625,102.7896484375
47.7184,47.923,A,10,99.10904296875,100.344365234375,101.56638671875001,101.937734375,103.03888671875
47.8208,48.0254,A,10,101.7283984375,99.52085937500001,102.441357421875,101.229482421875,100.38439453125
47.9232,48.1278,A,10,101.95316406250001,99.797666015625,100.94787109375,99.027705078125,101.00496093749999
48.0256,48.2302,A,10,100.18392578125,98.744833984375,100.150830078125,97.7751171875,103.00934570312499
48.128,48.3326,A,10,98.857568359375,98.9873828125,98.572392578125,97.50880859374999,102.212265625
48.2304,48.435,A,10,99.664384765625,102.12193359374999,98.16095703125,101.09071289062501,100.467646484375
48.3328,48.5374,A,10,99.17561523437502,101.24357421875,100.441455078125,103.09927734375,99.883193359375
48.4352,48.6398,A,10,99.82001953125001,99.61488281250001,101.361591796875,100.19025390625,99.6520703125
48.5376,48.7422,A,10,100.612509765625,100.753515625,101.509765625,98.99845703125001,98.525302734375
48.64,48.8446,A,10,95.67750000000001,99.289580078125,99.28476562499999,99.093564453125,99.405126953125
48.7424,48.947,A,10,97.718408203125,97.135595703125,98.42319335937499,98.83433593749999,98.661875
48.8448,49.0494,A,10,103.507177734375,96.626923828125,100.63066406249999,100.26930664062499,96.5928125
48.9472,49.1518,A,10,103.8094140625,97.971376953125,100.5990625,100.177958984375,99.557744140625
49.0496,49.2542,A,10,100.34689453125,99.30203125,100.92769531249999,99.596611328125,103.138583984375
49.152,49.3566,A,10,98.95486328125,101.46236328124999,101.225166015625,103.41475585937499,101.664912109375
49.2544,49.459,A,10,99.54785156249999,102.2526171875,102.470400390625,104.17024414062499,100.10275390625
49.3568,49.5614,A,10,100.97234375,100.55208007812499,99.952119140625,100.27394531249999,100.7626171875
49.4592,49.6638,A,10,101.2843359375,100.78964843749999,99.6903125,99.86259765624999,100.46127929687499
49.5616,49.7662,A,10,101.51488281249999,99.04933593749999,99.462861328125,102.02720703125,99.357822265625
49.664,49.8686,A,10,101.3677734375,96.827939453125,97.182841796875,103.067021484375,97.12766601562501
49.7664,49.971,A,10,99.78289062500001,97.80208984375,99.925263671875,101.17076171875,98.99591796875
49.8688,50.0734,A,10,100.84251953125,97.34260742187502,103.00517578125,99.10874999999999,98.429130859375
49.9712,50.1758,A,10,98.713681640625,97.706943359375,103.04345703125,97.75499023437499,96.73634765624999
50.0736,50.2782,A,10,98.838515625,97.59812500000001,100.04173828124999,97.790419921875,99.123974609375
50.176,50.3806,A,10,99.357109375,96.14305664062499,97.847763671875,98.97507812500001,99.425146484375
50.2784,50.483,A,10,100.1419140625,98.57323242187499,101.5106640625,100.00173828125,97.377109375
50.3808,50.5854,A,10,101.041474609375,101.477421875,102.800478515625,98.58505859375,97.62666992187499
50.4832,50.6878,A,10,99.15107421875,101.5330078125,100.61630859374999,98.60791992187501,98.06270507812499
50.5856,50.7902,A,10,98.6838671875,99.469189453125,99.64756835937499,102.374287109375,100.38681640624999
50.688,50.8926,A,10,101.761630859375,99.14061523437499,100.563134765625,105.73154296875,103.408642578125
50.7904,50.995,A,10,100.52977539062499,99.564541015625,100.67429687500001,106.96046875,102.37662109375
50.8928,51.0974,A,10,99.089814453125,99.56532226562499,97.425361328125,103.29864257812501,103.0222265625
50.9952,51.1998,A,10,102.37544921874999,99.6600390625,98.366796875,100.70866210937501,102.1576171875
51.0976,51.3022,A,10,100.907236328125,99.29193359375,101.9606640625,102.061943359375,98.098466796875
51.2,51.4046,A,10,99.56345703125001,99.49928710937499,101.36939453125001,100.214228515625,99.549951171875
51.3024,51.507,A,10,100.97068359375001,100.652685546875,100.642666015625,98.45705078124999,101.9737890625
51.4048,51.6094,A,10,98.86451171875001,99.27646484375,102.73303710937499,100.29001953125001,101.69794921875
51.5072,51.7118,A,10,97.48306640625,100.76722656249999,101.173212890625,100.34128906250001,100.897255859375
51.6096,51.8142,A,10,99.306103515625,103.287490234375,97.87015625000001,99.43171875,97.73190429687499
51.712,51.9166,A,10,98.3983203125,100.67555664062499,99.379697265625,97.931787109375,98.659287109375
51.8144,52.019,A,10,98.70607421874999,98.82289062499999,100.21470703125001,98.391357421875,97.406337890625
51.9168,52.1214,A,10,98.71162109375,98.65076171875,102.906220703125,99.173076171875,96.01338867187499
52.0192,52.2238,A,10,100.277802734375,98.930791015625,106.68217773437499,100.54083984374999,99.03599609375
52.1216,52.3262,A,10,102.1926171875,98.86642578125,101.434326171875,101.33052734374999,97.877802734375
52.224,52.4286,A,10,101.475771484375,101.932158203125,96.1767578125,98.602666015625,98.25110351562499
52.3264,52.531,A,10,100.09244140625,102.71935546875,96.31880859374999,99.16935546875001,100.407626953125
52.4288,52.6334,A,10,100.22240234375,100.60545898437499,99.415556640625,100.03510742187501,98.56751953125001
52.5312,52.7358,A,10,101.350009765625,101.53465820312499,99.820615234375,99.55543945312499,98.75556640625001
52.6336,52.8382,A,10,100.671259765625,101.573095703125,99.667158203125,100.91136718749999,99.4894140625
52.736,52.9406,A,10,98.09696289062501,98.5062890625,100.301669921875,99.326845703125,97.334345703125
52.8384,53.043,A,10,97.172802734375,96.140341796875,98.82875,99.90677734375,98.03751953125
52.9408,53.1454,A,10,100.585107421875,96.8299609375,98.78271484375,100.988642578125,99.333173828125
53.0432,53.2478,A,10,100.70389648437501,101.58510742187501,99.515908203125,99.29875,99.648583984375
53.1456,53.3502,A,10,100.43173828125,103.02555664062501,99.40875,99.44408203125,99.2527734375
53.248,53.4526,A,10,100.69236328125001,101.95576171875,98.502373046875,102.83423828125001,100.94658203124999
53.3504,53.555,A,10,99.56037109375,99.39347656249998,99.97800781250001,104.222255859375,102.31060546875
53.4528,53.6574,A,10,100.19564453125,98.5547265625,102.28282226562499,100.9528515625,101.3967578125
53.5552,53.7598,A,10,101.65408203125,100.88287109375,101.3600390625,100.67626953125,100.701806640625
53.6576,53.8622,A,10,99.552685546875,100.28833984375,100.36892578125,98.06563476562499,100.526943359375
53.76,53.9646,A,10,96.56779296875,102.612177734375,102.632431640625,98.803173828125,98.242373046875
53.8624,54.067,A,10,97.825068359375,103.71456054687499,102.17536132812499,101.745927734375,98.01979492187499
53.9648,54.1694,A,10,100.9660546875,102.54456054687499,100.595,101.31135742187502,101.092158203125
54.0672,54.2718,A,10,101.89501953125,100.903291015625,100.154365234375,99.69206054687501,103.65327148437501
54.1696,54.3742,A,10,99.84770507812499,97.146572265625,100.65615234375,97.4834765625,104.176162109375
54.272,54.4766,A,10,100.4274609375,96.48166992187501,100.541962890625,98.648056640625,100.090849609375
54.3744,54.579,A,10,101.520029296875,98.508818359375,102.139462890625,99.998955078125,97.70225585937499
54.4768,54.6814,A,10,100.797509765625,100.79805664062499,100.267978515625,101.37283203125,99.65547851562499
54.5792,54.7838,A,10,100.34439453124999,101.926640625,97.77603515625,100.934736328125,100.319111328125
54.6816,54.8862,A,10,102.2326953125,101.48341796875,99.53547851562502,100.284033203125,100.723515625
54.784,54.9886,A,10,102.35957031250001,101.47666015625,98.44895507812501,103.39204101562501,100.93708984375
54.8864,55.091,A,10,101.16923828124999,97.383759765625,100.362626953125,103.33904296875001,100.3044140625
54.9888,55.1934,A,10,101.8506640625,96.397236328125,101.118251953125,99.20232421875,101.72798828124999
55.0912,55.2958,A,10,100.279970703125,100.943291015625,99.677880859375,98.57623046875,102.161279296875
55.1936,55.3982,A,10,100.34439453125,100.0509765625,98.376611328125,97.94925781250001,101.29763671875
55.296,55.5006,A,10,103.14872070312501,98.172060546875,98.083740234375,96.13564453125,100.186181640625
55.3984,55.603,A,10,103.729130859375,100.15826171875,100.17469726562499,97.271845703125,100.194931640625
55.5008,55.7054,A,10,101.88681640625,100.44439453125,100.25737304687499,98.689833984375,98.971728515625
55.6032,55.8078,A,10,99.024267578125,101.948759765625,99.29453125,100.33909179687501,98.556806640625
55.7056,55.9102,A,10,98.77706054687499,103.010390625,100.16611328125,99.63209960937499,97.834697265625
55.808,56.0126,A,10,102.27228515625,101.142197265625,99.516142578125,96.306259765625,99.806728515625
55.9104,56.115,A,10,103.167666015625,97.90142578125,98.09760742187501,98.68621093750001,100.6254296875
56.0128,56.2174,A,10,100.57943359375,98.9821875,99.54414062500001,101.87894531250001,99.41494140625001
56.1152,56.3198,A,10,99.154208984375,99.951884765625,99.17554687500001,102.4172265625,101.113837890625
56.2176,56.4222,A,10,99.64930664062501,97.849921875,100.537802734375,100.888984375,102.536943359375
56.32,56.5246,A,10,99.82615234375001,100.71922851562499,103.44063476562499,100.091318359375,102.280302734375
56.4224,56.627,A,10,98.98201171875,101.83525390624999,101.110947265625,102.250029296875,100.0410546875
56.5248,56.7294,A,10,99.31400390625,101.45408203125,99.0281640625,103.07372070312499,99.38392578125
56.6272,56.8318,A,10,100.919365234375,101.73561523437499,98.99849609375,100.51849609375,99.775166015625
56.7296,56.9342,A,10,102.028095703125,98.6534375,99.8961328125,96.836142578125,99.567333984375
56.832,57.0366,A,10,100.809765625,100.209111328125,99.93608398437499,96.7879296875,98.8486328125
56.9344,57.139,A,10,101.13087890624999,103.35230468750001,101.43472656249999,99.42947265625,98.87447265624999
57.0368,57.2414,A,10,101.12892578125,99.932392578125,101.12927734374999,102.810478515625,100.37025390624999
57.1392,57.3438,A,10,101.099677734375,99.36617187499999,99.3233984375,102.25068359374998,100.83123046875
57.2416,57.4462,A,10,101.815,99.26187499999999,99.533134765625,101.981865234375,98.0628125
57.344,57.5486,A,10,101.339970703125,97.968916015625,101.06240234375,102.74173828125,97.588564453125
57.4464,57.651,A,10,99.94846679687501,100.520185546875,100.865166015625,100.47250976562499,97.37079101562499
57.5488,57.7534,A,10,97.664541015625,100.632841796875,99.0404296875,101.28905273437499,98.86990234375
57.6512,57.8558,A,10,99.4592578125,100.19548828125,99.06029296874999,103.602509765625,101.69677734375
57.7536,57.9582,A,10,102.2924609375,100.03138671875,97.505029296875,100.619697265625,99.73958984375
57.856,58.0606,A,10,102.71097656250001,99.87490234375,96.988369140625,100.27923828125,100.013173828125
57.9584,58.163,A,10,101.912138671875,100.76529296875,99.39712890625,101.592265625,100.90638671875
58.0608,58.2654,A,10,101.90396484375,98.858056640625,101.29216796875001,100.96654296874999,99.665849609375
58.1632,58.3678,A,10,101.788193359375,98.40358398437499,99.363701171875,102.043583984375,99.413330078125
58.2656,58.4702,A,10,101.691484375,100.965703125,98.171240234375,101.41056640625,100.153046875
58.368,58.5726,A,10,101.966943359375,101.17412109374999,97.927255859375,100.941337890625,99.97730468750001
58.4704,58.675,A,10,101.722021484375,99.49962890625,99.371865234375,98.487734375,101.14110351562499
58.5728,58.7774,A,10,102.52611328124999,98.165458984375,100.6708984375,96.03953125,103.941259765625
58.6752,58.8798,A,10,101.57602539062499,98.69416015625,102.694228515625,99.03449218749999,100.183720703125
58.7776,58.9822,A,10,99.638515625,99.10828125,104.11224609375,99.073330078125,98.48661132812501
58.88,59.0846,A,10,100.1155859375,96.449462890625,99.61705078125,97.752265625,99.84266601562499
58.9824,59.187,A,10,98.66455078125,99.445810546875,96.386064453125,100.299873046875,101.028408203125
59.0848,59.2894,A,10,96.83250976562499,102.7541015625,100.11524414062501,98.59015625,102.01640625
59.1872,59.3918,A,10,98.72650390625,101.74149414062501,100.6459375,98.85189453125,100.065849609375
59.2896,59.4942,A,10,100.61051757812498,103.31888671875001,100.16264648437499,101.938720703125,98.5044140625
59.392,59.5966,A,10,100.271904296875,103.337822265625,102.23720703125,101.503369140625,97.713212890625
59.4944,59.699,A,10,99.99620117187499,101.059384765625,99.89794921875,99.50437500000001,100.184755859375
59.5968,59.8014,A,10,100.550224609375,102.97841796875001,101.09848632812499,98.84519531250001,101.93331054687499
59.6992,59.9038,A,10,99.7672265625,103.59517578125,104.68970703125,100.87608398437501,100.353173828125
59.8016,60.0062,A,10,98.98511718750001,101.366484375,102.679443359375,101.75398437500002,98.55427734375
59.904,60.1086,A,10,100.17515625,102.395869140625,100.092099609375,100.509638671875,95.705478515625
60.0064,60.211,A,10,102.27196289062499,100.876123046875,100.795087890625,98.221865234375,96.71296875
60.1088,60.3134,A,10,100.47823242187499,100.2189453125,98.40335937500001,97.14351562499999,102.318046875
60.2112,60.4158,A,10,99.707197265625,101.037568359375,98.668134765625,97.61159179687499,103.49189453125
60.3136,60.5182,A,10,101.610009765625,100.022021484375,101.22249023437499,98.75922851562501,99.02127929687501
60.416,60.6206,A,10,101.07796875,100.7529296875,100.472392578125,100.31704101562501,98.14402343750001
60.5184,60.723,A,10,101.60806640625,100.1024609375,101.19552734375,100.99408203125,98.401806640625
60.6208,60.8254,A,10,102.266904296875,98.2953515625,100.318173828125,99.68781249999999,100.75416015625001
60.7232,60.9278,A,10,102.599423828125,99.450732421875,97.87992187500001,98.57722656249999,102.94005859375001
60.8256,61.0302,A,10,103.88076171875,99.357890625,97.389951171875,99.070283203125,100.38240234375002
60.928,61.1326,A,10,101.48869140625,98.8343359375,97.474248046875,100.36844726562501,99.715546875
61.0304,61.235,A,10,100.46818359375,100.41285156250001,100.96543945312499,100.49357421875001,100.702578125
61.1328,61.3374,A,10,99.86533203124999,100.15375,101.956328125,96.693056640625,101.607109375
61.2352,61.4398,A,10,95.5132421875,100.31564453125,101.19559570312501,96.47271484375,99.845556640625
61.3376,61.5422,A,10,95.9210546875,100.64625000000001,99.43367187499999,98.37886718749999,100.41214843750001
61.44,61.6446,A,10,99.9266796875,99.950380859375,96.870126953125,99.31130859375,100.597177734375
61.5424,61.747,A,10,102.721494140625,99.49087890625,98.29439453124999,98.855419921875,100.0134765625
61.6448,61.8494,A,10,101.35889648437501,101.58147460937501,99.686767578125,99.56786132812499,100.58876953125001
61.7472,61.9518,A,10,98.19369140625,103.734267578125,100.455205078125,100.420703125,102.6321484375
61.8496,62.0542,A,10,97.815419921875,98.43455078125001,102.466240234375,98.90348632812501,102.633427734375
61.952,62.1566,A,10,101.2752734375,96.927978515625,99.59315429687499,98.805029296875,100.4667578125
62.0544,62.259,A,10,102.20171875,101.228642578125,97.94873046875,100.048251953125,100.559130859375
62.1568,62.3614,A,10,100.32880859375001,100.407392578125,99.350947265625,102.662421875,101.94255859375
62.2592,62.4638,A,10,98.346376953125,99.17995117187499,101.42009765625,99.76918945312501,103.778994140625
62.3616,62.5662,A,10,99.3203125,97.998896484375,104.35706054687499,99.438349609375,99.82105468750001
62.464,62.6686,A,10,99.958349609375,98.048994140625,100.8373046875,99.262138671875,96.54691406250001
62.5664,62.771,A,10,98.558955078125,98.072392578125,99.39724609375,98.500078125,98.99000000000001
62.6688,62.8734,A,10,97.87271484375,97.455322265625,101.13936523437499,98.113662109375,99.76584960937501
62.7712,62.9758,A,10,98.772548828125,97.47109375,101.798251953125,95.93360351562501,98.24677734375
62.8736,63.0782,A,10,102.246240234375,96.40044921875,102.010927734375,97.2655078125,98.31529296874999
62.976,63.1806,A,10,102.92923828125001,99.52088867187499,102.42641601562501,99.22033203125,99.750458984375
63.0784,63.283,A,10,102.76963867187501,101.32298828124999,98.32762695312499,100.90281250000001,102.666357421875
63.1808,63.3854,A,10,101.26439453125,102.22141601562501,96.772880859375,100.6350390625,101.852529296875
63.2832,63.4878,A,10,99.435673828125,101.518447265625,99.73149414062499,98.32740234375001,99.07352539062501
63.3856,63.5902,A,10,97.82890625,98.11512695312499,101.34895507812499,96.88547851562501,98.356328125
63.488,63.6926,A,10,99.202421875,98.46828124999999,100.49669921875,97.9077734375,96.937529296875
63.5904,63.795,A,10,100.707861328125,99.37693359375,99.4068359375,99.21327148437499,98.00453124999999
63.6928,63.8974,A,10,101.1773828125,98.47015625,100.06345703125001,102.1221484375,97.8553515625
63.7952,63.9998,A,10,102.835244140625,97.371123046875,100.6199609375,99.55251953125,97.854599609375
63.8976,64.1022,A,10,101.38619140625,97.9928125,103.690859375,97.28117187500001,103.279521484375
64.0,64.2046,A,10,100.88603515625,98.02455078125,103.64123046875,101.0651171875,103.503017578125
64.1024,64.307,A,10,101.911630859375,98.058330078125,101.90849609375,100.564912109375,101.833955078125
64.2048,64.4094,A,10,102.19942382812499,100.45636718749999,99.168369140625,100.814716796875,102.713779296875
64.3072,64.5118,A,10,100.696171875,100.70599609374999,97.191767578125,100.22193359375,101.14058593749999
64.4096,64.6142,A,10,100.74632812499999,100.22229492187499,99.656845703125,99.21127929687499,101.37694335937499
64.512,64.7166,A,10,99.627109375,102.28181640625,100.6945703125,100.786904296875,98.8871484375
64.6144,64.819,A,10,99.82695312499999,102.49013671875001,99.05958984375,99.15968749999999,95.56162109375
64.7168,64.9214,A,10,99.2624609375,100.422919921875,98.390703125,98.78709960937499,99.59943359375
64.8192,65.0238,A,10,99.36842773437499,100.59140625,100.13154296875001,100.17122070312499,101.82585937500001
64.9216,65.1262,A,10,101.830966796875,100.15583984375,98.46168945312499,98.974150390625,101.075244140625
65.024,65.2286,A,10,98.42193359375,97.91865234375,96.69775390625,98.93238281250001,100.9594921875
65.1264,65.331,A,10,95.82225585937499,98.97714843749999,99.135517578125,101.602353515625,99.64548828125001
65.2288,65.4334,A,10,98.579345703125,99.0565234375,100.511181640625,100.9653515625,100.74876953125
65.3312,65.5358,A,10,102.24565429687499,98.48459960937501,100.760634765625,100.210224609375,99.3814453125
65.4336,65.6382,A,10,100.867607421875,98.3541015625,100.1376953125,102.419990234375,98.1532421875
65.536,65.7406,A,10,97.969755859375,98.74302734374999,100.772197265625,103.755546875,99.012802734375
65.6384,65.843,A,10,100.381142578125,101.84816406249999,100.17193359375,100.078779296875,98.2142578125
65.7408,65.9454,A,10,101.101923828125,102.337900390625,97.443056640625,99.009677734375,98.710869140625
65.8432,66.0478,A,10,98.4574609375,99.29595703125,95.94796875,100.26088867187501,101.981044921875
65.9456,66.1502,A,10,99.017998046875,95.13639648437498,97.33509765625,97.91609375,102.48982421875002
66.048,66.2526,A,10,99.46610351562501,95.64389648437499,98.45046875,98.683466796875,98.51630859375001
66.1504,66.355,A,10,99.090703125,97.547900390625,101.835966796875,101.50673828125,100.055205078125
66.2528,66.4574,A,10,101.356962890625,97.509853515625,101.987470703125,100.976357421875,101.987919921875
66.3552,66.5598,A,10,104.813720703125,100.81856445312499,98.60416015625,99.344140625,98.108671875
66.4576,66.6622,A,10,103.79886718750001,101.83785156249999,101.1533203125,100.032890625,98.875771484375
66.56,66.7646,A,10,101.3251953125,100.961455078125,101.463681640625,97.786787109375,101.993837890625
66.6624,66.867,A,10,103.054853515625,100.06375,100.86321289062501,94.44844726562499,98.890107421875
66.7648,66.9694,A,10,103.372421875,98.488935546875,99.51249023437501,97.103115234375,99.525849609375
66.8672,67.0718,A,10,101.753701171875,100.61005859375,96.28410156249998,104.1066796875,101.98947265625
66.9696,67.1742,A,10,100.505,101.6989453125,96.28403320312499,104.6395703125,98.408447265625
67.072,67.2766,A,10,98.95583984375,99.62193359375,99.00035156249999,100.20415039062499,96.724013671875
67.1744,67.379,A,10,98.236064453125,98.22095703125,101.79102539062501,100.23491210937499,99.90552734375
67.2768,67.4814,A,10,98.9579296875,98.13677734375,100.563818359375,101.35060546875,102.63572265625
67.3792,67.5838,A,10,100.95095703125,98.1362109375,98.511083984375,100.41038085937501,101.90044921875
67.4816,67.6862,A,10,101.980166015625,100.388681640625,97.95296875,101.1969921875,100.519287109375
67.584,67.7886,A,10,98.52002929687501,98.120947265625,97.67887695312498,102.940126953125,100.12470703125
67.6864,67.891,A,10,96.29175781250001,95.12660156250001,100.645380859375,100.70241210937499,99.44612304687499
67.7888,67.9934,A,10,98.37041015625,99.19950195312501,102.639404296875,98.683427734375,100.04566406250001
67.8912,68.0958,A,10,99.322314453125,100.93035156250001,100.603154296875,97.925068359375,100.829287109375
67.9936,68.1982,A,10,101.055234375,99.62117187500002,99.496240234375,98.90067382812501,97.30611328124999
68.096,68.3006,A,10,100.488564453125,100.7376953125,101.003486328125,99.11330078125,97.749443359375
68.1984,68.403,A,10,99.18292968749999,102.61543945312499,100.08573242187501,99.810205078125,101.402744140625
68.3008,68.5054,A,10,99.518310546875,99.995751953125,99.94511718749999,102.752177734375,102.22554687499999
68.4032,68.6078,A,10,100.32569335937501,99.39079101562501,100.54314453125,99.319560546875,100.77491210937501
68.5056,68.7102,A,10,98.42564453125,100.58177734375,99.920595703125,98.39890625,99.51821289062501
68.608,68.8126,A,10,99.07177734375,99.24629882812499,101.17982421875001,101.28804687499999,100.382978515625
68.7104,68.915,A,10,100.18088867187501,100.703505859375,102.73111328125,98.88400390624999,99.34119140625
68.8128,69.0174,A,10,96.00576171875,101.774033203125,102.9595703125,97.346435546875,100.46134765625001
68.9152,69.1198,A,10,97.15433593750001,100.78630859375,102.592265625,97.80587890625,101.09798828125
69.0176,69.2222,A,10,100.78543945312501,99.378076171875,101.98208984375,99.57482421875,99.25679687499999
69.12,69.3246,A,10,102.078935546875,99.553173828125,100.802060546875,98.71361328124999,99.36400390624999
69.2224,69.427,A,10,101.98206054687499,99.97876953125,100.951572265625,97.744169921875,102.23666015625
69.3248,69.5294,A,10,102.33176757812498,98.828671875,100.867255859375,98.03900390625,101.454609375
69.4272,69.6318,A,10,102.07541015625,100.6771875,100.14332031250001,98.669970703125,98.702861328125
69.5296,69.7342,A,10,98.6185546875,102.04447265625001,102.87390625,99.96968749999999,101.062939453125
69.632,69.8366,A,10,97.17317382812499,101.73969726562501,102.727822265625,98.08641601562499,101.624951171875
69.7344,69.939,A,10,101.201787109375,102.2745703125,102.2266796875,100.127080078125,102.32645507812501
69.8368,70.0414,A,10,103.3946484375,102.90177734375,101.5485546875,101.76045898437499,103.1588671875
69.9392,70.1438,A,10,101.896923828125,101.882900390625,97.30879882812499,100.983681640625,104.23986328125
70.0416,70.2462,A,10,101.621396484375,100.654921875,99.0898828125,97.827177734375,103.339931640625
70.144,70.3486,A,10,99.839931640625,100.22548828125001,101.2140625,96.72955078125,99.1978125
70.2464,70.451,A,10,101.03291015625,100.74765625,102.93467773437499,99.77951171875,100.29396484374999
70.3488,70.5534,A,10,102.72809570312499,97.454404296875,103.37360351562499,98.87599609374999,100.763525390625
70.4512,70.6558,A,10,99.95360351562499,97.416845703125,100.11,100.870732421875,97.83936523437501
70.5536,70.7582,A,10,101.513623046875,102.153466796875,100.60890625,103.0544140625,99.15799804687501
70.656,70.8606,A,10,101.063955078125,101.74490234375,104.568447265625,100.71397460937499,97.30541015624999
70.7584,70.963,A,10,98.78677734375,99.637607421875,104.29802734375,100.245048828125,97.815859375
70.8608,71.0654,A,10,98.46763671875,98.28930664062501,97.929052734375,98.4379296875,101.386708984375
70.9632,71.1678,A,10,99.193037109375,100.66405273437502,97.4996484375,96.411435546875,99.836630859375
71.0656,71.2702,A,10,98.722314453125,102.63411132812502,100.01681640625,98.43326171875,99.436884765625
71.168,71.3726,A,10,97.86828125,101.105048828125,99.62826171875,101.49849609374999,102.889013671875
71.2704,71.475,A,10,99.29205078125,100.95515625,100.421748046875,102.78368164062499,102.28099609375
71.3728,71.5774,A,10,98.275849609375,103.20630859375,99.706494140625,100.76655273437498,101.55802734375001
71.4752,71.6798,A,10,97.77560546875,99.247109375,101.03609374999999,101.02864257812499,101.920673828125
71.5776,71.7822,A,10,98.64755859375,96.423193359375,102.18351562499998,100.385458984375,99.230576171875
71.68,71.8846,A,10,100.56068359375,98.25755859374999,101.296435546875,99.72925781250001,99.42673828125001
71.7824,71.987,A,10,103.37685546875,98.499248046875,101.067216796875,99.924951171875,101.3978515625
71.8848,72.0894,A,10,103.62765625,99.31568359375,100.352734375,99.006181640625,101.302119140625
71.9872,72.1918,A,10,100.85734375,99.247421875,100.378056640625,101.513154296875,100.579033203125
72.0896,72.2942,A,10,101.64942382812501,100.042314453125,100.92652343750001,102.004013671875,102.36495117187499
72.192,72.3966,A,10,101.963427734375,101.816142578125,102.3909375,99.2471484375,102.4130859375
72.2944,72.499,A,10,99.64380859375001,100.41513671874999,102.770234375,97.189423828125,101.54442382812499
72.3968,72.6014,A,10,100.299775390625,98.00813476562499,99.095244140625,97.340322265625,98.22068359375001
72.4992,72.7038,A,10,102.076181640625,98.9644921875,97.83744140625,97.146298828125,97.475859375
72.6016,72.8062,A,10,100.73726562499999,100.64271484374999,101.33070312499999,99.00037109375,97.904599609375
72.704,72.9086,A,10,100.873173828125,101.16869140624999,101.55529296875,100.813974609375,100.58130859375001
72.8064,73.011,A,10,101.45787109374999,101.113125,100.7687890625,101.1790234375,105.11039062500001
72.9088,73.1134,A,10,102.54332031250001,101.1723828125,100.92607421874999,102.153623046875,102.88441406250001
73.0112,73.2158,A,10,100.0519140625,99.51301757812502,100.19639648437499,101.1626953125,99.14924804687502
73.1136,73.3182,A,10,98.61798828125,98.97220703125001,101.969111328125,98.493505859375,100.12916992187499
73.216,73.4206,A,10,99.532568359375,98.199736328125,100.51046875,96.57095703125,99.254189453125
73.3184,73.523,A,10,97.31895507812501,97.14728515625,99.07276367187501,96.54561523437499,97.404814453125
73.4208,73.6254,A,10,97.86417968750001,97.04709960937501,98.522236328125,98.548798828125,99.466689453125
73.5232,73.7278,A,10,98.63329101562499,97.6456640625,100.045166015625,101.545498046875,99.263095703125
73.6256,73.8302,A,10,97.64183593749999,100.443359375,101.379638671875,99.7652734375,98.96205078125001
73.728,73.9326,A,10,98.58228515625001,101.68373046875,98.818056640625,99.2351953125,98.9596875
73.8304,74.035,A,10,101.82236328125,98.426611328125,102.01582031250001,101.02708984374999,99.61908203124999
73.9328,74.1374,A,10,103.93583007812501,95.5359375,101.887666015625,99.59392578125,98.16066406249999
74.0352,74.2398,A,10,100.920966796875,97.0787890625,100.54443359375,99.60401367187501,99.93573242187499
74.1376,74.3422,A,10,97.90359375,97.5416015625,102.11283203125001,98.53001953125,101.44032226562499
74.24,74.4446,A,10,101.119912109375,97.880712890625,101.715029296875,97.628701171875,98.73205078125
74.3424,74.547,A,10,102.260498046875,101.243740234375,102.028037109375,97.3172265625,99.577783203125
74.4448,74.6494,A,10,97.85057617187499,101.19146484375,102.7809765625,98.839599609375,99.080009765625
74.5472,74.7518,A,10,98.523623046875,97.949013671875,101.159775390625,100.07462890625001,99.291845703125
74.6496,74.8542,A,10,104.91966796874999,99.39384765625,99.43224609375001,100.286416015625,100.935419921875
74.752,74.9566,A,10,101.72095703125,100.02165039062501,99.8544921875,102.638056640625,99.63939453124999
74.8544,75.059,A,10,98.392666015625,98.56327148437501,99.51001953125001,102.32033203124999,99.2192578125
74.9568,75.1614,A,10,101.20186523437499,99.51018554687501,98.90476562500001,98.28368164062499,100.85221679687501
75.0592,75.2638,A,10,101.88962890625,101.0733984375,101.209228515625,97.48982421875,99.30037109375
75.1616,75.3662,A,10,99.743544921875,100.35509765625,101.36335937499999,101.510087890625,99.28900390625
75.264,75.4686,A,10,98.2274609375,96.584375,98.71015625,101.42863281250001,98.920322265625
75.3664,75.571,A,10,95.74272460937499,95.620498046875,100.03083984375,97.644951171875,97.192685546875
75.4688,75.6734,A,10,97.350087890625,100.033359375,100.37654296875,97.350947265625,98.18478515625
75.5712,75.7758,A,10,101.53626953125,102.666455078125,98.051923828125,99.09049804687498,101.40894531250001
75.6736,75.8782,A,10,100.14116210937499,97.757578125,98.36740234375,98.12509765624999,101.385546875
75.776,75.9806,A,10,99.349931640625,98.1705078125,97.650478515625,99.78603515625,98.39189453124999
75.8784,76.083,A,10,97.855224609375,99.43765625,98.11274414062498,99.9873046875,98.23822265625
75.9808,76.1854,A,10,98.871796875,96.69083984375,98.793154296875,97.83396484375,98.709541015625
76.0832,76.2878,A,10,102.884892578125,98.97056640625,99.29029296875001,99.657734375,99.78607421875
76.1856,76.3902,A,10,101.952021484375,97.82234375,100.17613281250001,100.178916015625,98.76179687499999
76.288,76.4926,A,10,100.127373046875,98.726064453125,100.01826171875001,99.526298828125,98.725322265625
76.3904,76.595,A,10,100.725859375,100.9578125,102.09982421875,100.85212890624999,101.316435546875
76.4928,76.6974,A,10,99.86943359374999,100.29303710937499,100.913935546875,98.40908203125,101.66046875
76.5952,76.7998,A,10,101.01051757812499,100.71872070312499,96.835078125,99.69400390625,98.76235351562501
76.6976,76.9022,A,10,103.01673828125,99.4910546875,94.0975,100.114619140625,97.242783203125
76.8,77.0046,A,10,102.05947265625,99.14140624999999,95.60017578124999,98.18837890625001,100.65642578125
76.9024,77.107,A,10,101.96634765625,101.021552734375,96.45853515625,100.80095703125001,100.654755859375
77.0048,77.2094,A,10,101.164208984375,102.58505859375,97.99079101562499,100.8090234375,100.534912109375
77.1072,77.3118,A,10,99.229755859375,101.79587890625001,99.44865234375,100.91847656249999,100.36275390624999
77.2096,77.4142,A,10,98.687763671875,101.647978515625,98.368388671875,100.648984375,98.8062890625
77.312,77.5166,A,10,97.57931640625,100.34974609375,98.95466796874999,97.583837890625,101.226142578125
77.4144,77.619,A,10,98.764794921875,98.636396484375,98.292890625,98.65509765625,101.151669921875
77.5168,77.7214,A,10,100.30974609375001,101.360302734375,98.952666015625,102.27611328124999,100.44373046875
77.6192,77.8238,A,10,97.65341796875,100.819208984375,102.24341796875001,100.809951171875,102.08419921875
77.7216,77.9262,A,10,99.864150390625,101.090615234375,101.23017578125001,99.83808593750001,103.343720703125
77.824,78.0286,A,10,101.193779296875,101.30980468749999,98.4680859375,101.27054687500001,101.57713867187499
77.9264,78.131,A,10,102.78727539062501,100.60789062500001,101.888447265625,101.09363281249999,101.816923828125
78.0288,78.2334,A,10,103.371201171875,100.08591796875,102.2128515625,99.23193359375,102.49430664062501
78.1312,78.3358,A,10,100.551650390625,98.49236328125,102.11310546875,100.398017578125,99.81932617187499
78.2336,78.4382,A,10,100.64455078125,99.708828125,102.453857421875,101.81681640625,98.34841796875
78.336,78.5406,A,10,100.695478515625,98.330185546875,98.95918945312499,101.692470703125,98.733173828125
78.4384,78.643,A,10,101.97431640625,98.31705078125,99.295224609375,99.82310546874999,101.42990234375
78.5408,78.7454,A,10,103.862509765625,98.552451171875,102.29876953125,98.23756835937499,101.517333984375
78.6432,78.8478,A,10,102.750537109375,99.13408203125,101.462890625,99.6712109375,97.92078125
78.7456,78.9502,A,10,98.9515234375,100.7150390625,100.080205078125,100.601474609375,98.585078125
78.848,79.0526,A,10,98.87095703125,100.64415039062499,97.790068359375,101.527373046875,100.447890625
78.9504,79.155,A,10,101.110361328125,100.834443359375,96.9778515625,103.283017578125,99.541630859375
79.0528,79.2574,A,10,99.93587890625,100.956220703125,99.39714843750001,103.7962890625,100.89867187499999
79.1552,79.3598,A,10,98.57171875,100.551884765625,101.09696289062501,101.8076953125,99.9065234375
79.2576,79.4622,A,10,99.40001953125001,99.4645703125,102.68331054687499,104.08861328124999,100.509833984375
79.36,79.5646,A,10,100.58082031250001,98.462255859375,102.463720703125,104.95314453124999,101.177138671875
79.4624,79.667,A,10,98.444765625,99.314404296875,101.793125,100.155205078125,97.855771484375
79.5648,79.7694,A,10,97.46005859375,101.0182421875,100.251767578125,98.22264648437499,97.1537109375
79.6672,79.8718,A,10,100.50898437500001,102.259189453125,99.69446289062499,100.37765625,99.02928710937499
79.7696,79.9742,A,10,100.33013671875,103.070322265625,97.794169921875,101.92530273437501,102.35782226562499
79.872,80.0766,A,10,98.238095703125,103.537763671875,97.1631640625,102.730517578125,102.787392578125
79.9744,80.179,A,10,97.90478515625,101.346240234375,98.825087890625,101.66650390625,101.260224609375
80.0768,80.2814,A,10,97.43062499999999,99.307607421875,96.92875000000001,98.35004882812501,100.7355078125
80.1792,80.3838,A,10,98.81943359375,101.48291992187501,99.261533203125,96.83037109374999,100.0965234375
80.2816,80.4862,A,10,101.31302734375001,100.773115234375,100.980771484375,96.624384765625,99.8176953125
80.384,80.5886,A,10,97.906396484375,100.54099609375,99.80296874999999,95.562646484375,100.35373046875
80.4864,80.691,A,10,98.975703125,102.49310546875,99.46376953125001,97.422802734375,101.837431640625
80.5888,80.7934,A,10,103.108447265625,100.2482421875,100.29384765625001,100.04537109375,100.217255859375
80.6912,80.8958,A,10,100.78765625,99.1387109375,101.12234375,99.45109375,96.58060546875001
80.7936,80.9982,A,10,98.60505859375,100.38134765625,99.00599609374999,99.696328125,98.1020703125
80.896,81.1006,A,10,99.84390625,102.207978515625,98.935224609375,101.14647460937499,99.681376953125
80.9984,81.203,A,10,102.071787109375,102.470009765625,100.50217773437501,102.762763671875,100.336669921875
81.1008,81.3054,A,10,102.5145703125,102.88755859375,102.17452148437499,98.565107421875,101.981396484375
81.2032,81.4078,A,10,102.2378515625,100.379794921875,100.546298828125,97.318818359375,101.288154296875
81.3056,81.5102,A,10,102.85021484375,96.8795703125,100.681484375,97.87306640625,98.766181640625
81.408,81.6126,A,10,100.66525390625,98.88362304687499,100.79670898437502,99.937646484375,98.04475585937499
81.5104,81.715,A,10,102.03330078125,100.02123046874999,95.49970703125001,101.89697265625,99.489931640625
81.6128,81.8174,A,10,102.385859375,98.47978515624999,94.04468750000001,99.22775390625,100.239111328125
81.7152,81.9198,A,10,97.48465820312501,98.46115234375,97.387880859375,100.35575195312501,100.10738281249999
81.8176,82.0222,A,10,98.000673828125,97.934501953125,99.28677734375,99.696640625,100.7908984375
81.92,82.1246,A,10,99.15533203125,96.44013671875,98.670322265625,97.12203125,101.4053515625
82.0224,82.227,A,10,99.701025390625,96.59498046875,100.7920703125,98.796748046875,101.65978515625001
82.1248,82.3294,A,10,98.12621093749999,97.92599609375,101.14919921875,97.85399414062499,101.446826171875
82.2272,82.4318,A,10,98.617548828125,104.10062500000001,101.903935546875,98.17354492187499,99.6040625
82.3296,82.5342,A,10,103.35160156250001,103.555068359375,103.567041015625,100.20191406250001,97.998564453125
82.432,82.6366,A,10,102.3575390625,99.18659179687499,101.88402343749999,98.42153320312501,98.8282421875
82.5344,82.739,A,10,99.29536132812498,100.74940429687499,101.013984375,100.41181640625001,99.558701171875
82.6368,82.8414,A,10,100.42951171874999,100.10179687499999,101.05654296875,100.675263671875,99.878994140625
82.7392,82.9438,A,10,102.57817382812499,100.444365234375,99.39796874999999,100.26374999999999,100.582548828125
82.8416,83.0462,A,10,102.87333007812501,102.0680859375,97.12322265625,100.74388671874999,98.12806640624999
82.944,83.1486,A,10,103.483076171875,101.386201171875,99.53986328125,97.2000390625,99.20894531249999
83.0464,83.251,A,10,101.231865234375,99.590068359375,100.53329101562501,100.401396484375,102.19019531250001
83.1488,83.3534,A,10,99.90126953125,100.138505859375,98.539580078125,102.4880078125,101.472919921875
83.2512,83.4558,A,10,102.073310546875,103.2802734375,97.018173828125,98.7023046875,101.60767578125001
83.3536,83.5582,A,10,101.82081054687501,100.89451171875,95.48502929687501,97.21331054687501,102.462919921875
83.456,83.6606,A,10,100.361650390625,99.221572265625,98.61329101562501,98.098359375,102.04624023437499
83.5584,83.763,A,10,98.98376953125,102.47826171875,101.64013671875,98.907802734375,100.2741015625
83.6608,83.8654,A,10,100.75602539062498,102.44108398437501,99.74827148437501,97.45702148437499,97.934794921875
83.7632,83.9678,A,10,100.95708007812499,101.076240234375,98.3014453125,96.065830078125,96.43873046875
83.8656,84.0702,A,10,100.56062499999999,97.669560546875,98.62798828125,95.7891796875,98.981904296875
83.968,84.1726,A,10,100.592158203125,95.756376953125,99.559287109375,100.824541015625,100.790009765625
84.0704,84.275,A,10,99.264658203125,99.226044921875,99.827861328125,103.24341796875001,102.876826171875
84.1728,84.3774,A,10,98.229619140625,101.75974609375001,101.20068359375,103.115263671875,103.19896484374999
84.2752,84.4798,A,10,97.260283203125,99.88376953125,100.37723632812501,104.38154296875001,99.676025390625
84.3776,84.5822,A,10,98.17481445312501,97.33134765624999,99.40150390625,101.71478515625,98.97685546874999
84.48,84.6846,A,10,100.46138671875,98.448466796875,99.779033203125,100.501015625,100.634306640625
84.5824,84.787,A,10,101.201015625,98.583662109375,99.332734375,101.91547851562498,103.22525390625
84.6848,84.8894,A,10,101.24912109375,98.93822265625,99.42324218750001,100.030673828125,102.099765625
84.7872,84.9918,A,10,101.585087890625,98.78318359375001,100.046748046875,98.530322265625,99.78853515625
84.8896,85.0942,A,10,99.1995703125,99.103134765625,99.67814453125,99.062421875,99.77833007812501
84.992,85.1966,A,10,98.44640625,99.980224609375,97.06101562500001,102.306005859375,97.91540039062501
85.0944,85.299,A,10,102.0287109375,98.04137695312501,97.474853515625,101.080654296875,99.26107421875
85.1968,85.4014,A,10,102.46075195312501,98.02169921875,99.33879882812501,98.422109375,99.51529296875
85.2992,85.5038,A,10,100.20290039062502,99.6416015625,97.59843749999999,98.98248046875,99.52589843749999
85.4016,85.6062,A,10,97.853828125,101.45015624999999,96.86435546874999,99.2311328125,100.26388671875
85.504,85.7086,A,10,97.91044921875,103.005732421875,99.900185546875,100.254951171875,99.151279296875
85.6064,85.811,A,10,100.05728515625,102.21960937499999,102.22509765625,100.28321289062501,101.10484375
85.7088,85.9134,A,10,100.4019140625,101.60572265625,99.51046875,101.690205078125,100.5626171875
85.8112,86.0158,A,10,98.771630859375,102.078193359375,97.37828125,101.91701171874999,98.860751953125
85.9136,86.1182,A,10,97.83503906249999,101.30318359374999,100.521337890625,102.08668945312499,99.0323828125
86.016,86.2206,A,10,99.41662109375,99.557705078125,101.315859375,102.29082031249999,99.90833984375
86.1184,86.323,A,10,100.78837890625,99.455712890625,98.63484375,101.3355859375,99.65224609375
86.2208,86.4254,A,10,100.769384765625,102.34107421875,98.31736328125,99.923798828125,99.22470703124999
86.3232,86.5278,A,10,99.81921875,100.753740234375,99.00056640625,99.22224609375,98.220703125
86.4256,86.6302,A,10,98.32560546875,99.159248046875,99.72341796875,100.1410546875,99.53509765625
86.528,86.7326,A,10,97.1599609375,98.381220703125,100.777490234375,99.56279296875,101.717646484375
86.6304,86.835,A,10,99.080615234375,98.4416796875,99.832939453125,101.10341796875,101.235087890625
86.7328,86.9374,A,10,99.943544921875,100.88158203124999,98.623681640625,103.11572265625,100.23450195312499
86.8352,87.0398,A,10,100.20568359375,101.5332421875,100.829580078125,101.95909179687501,100.10285156249999
86.9376,87.1422,A,10,101.080595703125,100.67316406249999,99.724677734375,100.28134765625,99.86085937499999
87.04,87.2446,A,10,100.72009765625,100.07208984375,100.27452148437499,101.235263671875,96.91482421875
87.1424,87.347,A,10,100.069248046875,101.46283203125,99.790263671875,99.19350585937501,94.97703125
87.2448,87.4494,A,10,99.742734375,99.6351953125,99.10330078125,97.560126953125,98.454443359375
87.3472,87.5518,A,10,98.820703125,99.81401367187502,99.75267578124999,100.58640624999998,100.36572265625
87.4496,87.6542,A,10,99.11656249999999,100.8376171875,99.509765625,101.07655273437499,98.25834960937499
87.552,87.7566,A,10,101.0606640625,102.35109375,100.27896484375,98.25095703125001,96.03138671874999
87.6544,87.859,A,10,100.54850585937501,102.209130859375,98.99177734375,97.87189453125,98.330107421875
87.7568,87.9614,A,10,98.2213671875,103.517060546875,98.42654296875,100.664130859375,100.97544921874999
87.8592,88.0638,A,10,96.8780859375,102.930771484375,99.736162109375,99.263759765625,98.648310546875
87.9616,88.1662,A,10,98.104248046875,100.72199218749999,100.034033203125,96.80671875,99.32057617187499
88.064,88.2686,A,10,101.7190234375,100.611123046875,98.73804687500001,95.3970703125,102.300322265625
88.1664,88.371,A,10,102.38419921875,100.827529296875,99.823642578125,96.5348046875,100.76558593749999
88.2688,88.4734,A,10,100.22970703125,102.1976953125,100.40947265625,98.968095703125,101.161728515625
88.3712,88.5758,A,10,97.922001953125,101.096455078125,99.41708984374999,99.721259765625,100.454404296875
88.4736,88.6782,A,10,99.55057617187501,102.476220703125,98.19980468749999,101.71841796875,101.36906250000001
88.576,88.7806,A,10,101.66140625,100.679638671875,97.91307617187499,104.52771484374999,104.04131835937501
88.6784,88.883,A,10,97.097509765625,99.54082031249999,97.891220703125,101.51830078124999,101.24325195312501
88.7808,88.9854,A,10,95.11677734375,100.25708984375,101.0895703125,100.265048828125,100.53487304687499
88.8832,89.0878,A,10,100.967138671875,100.675234375,102.15767578124999,101.89110351562499,101.786689453125
88.9856,89.1902,A,10,103.150927734375,102.641748046875,99.96587890625,97.22830078125,104.118212890625
89.088,89.2926,A,10,102.25484375,103.54814453124999,98.49392578125,97.332900390625,101.47829101562499
89.1904,89.395,A,10,103.00728515624999,101.92814453125,99.78126953125,100.552109375,98.959775390625
89.2928,89.4974,A,10,100.0236328125,98.70431640625,99.21876953125,100.13646484375,98.24505859375
89.3952,89.5998,A,10,99.31876953125,96.2595703125,97.861572265625,100.629638671875,98.8768359375
89.4976,89.7022,A,10,99.142333984375,96.3469140625,98.847197265625,100.184931640625,100.68619140625
89.6,89.8046,A,10,98.3045703125,97.31185546875001,97.89248046875,97.31758789062499,99.48984375
89.7024,89.907,A,10,100.70279296875,99.484501953125,100.270908203125,98.35747070312499,100.241279296875
89.8048,90.0094,A,10,102.6186328125,101.60899414062499,103.655693359375,100.353974609375,102.33854492187501
89.9072,90.1118,A,10,102.876416015625,101.44978515624999,104.3954296875,99.116455078125,100.57664062500001
90.0096,90.2142,A,10,100.34476562500001,103.3407421875,100.19833984374999,98.71229492187499,100.06005859375
90.112,90.3166,A,10,100.839208984375,103.76248046875,96.85581054687499,101.03595703124999,101.892822265625
90.2144,90.419,A,10,102.30845703125,100.087216796875,99.907958984375,102.86679687499999,100.0633203125
90.3168,90.5214,A,10,97.71562500000002,100.566865234375,101.87990234375,98.15396484374999,99.12895507812499
90.4192,90.6238,A,10,95.55044921875,103.641181640625,97.77548828125,96.373203125,98.85939453124999
90.5216,90.7262,A,10,97.26837890625,102.65115234375,97.597705078125,98.41438476562499,98.627587890625
90.624,90.8286,A,10,98.373466796875,98.97265625,102.68576171875,99.53226562500001,100.04568359375
90.7264,90.931,A,10,100.58241210937499,99.6837109375,101.422822265625,99.32856445312501,99.48556640625
90.8288,91.0334,A,10,100.429072265625,103.54530273437501,100.119140625,98.9304296875,100.060791015625
90.9312,91.1358,A,10,97.09291992187501,101.921484375,98.74693359375,100.182802734375,101.752900390625
91.0336,91.2382,A,10,97.10195312500001,98.50793945312499,97.583408203125,97.91740234375,101.47252929687501
91.136,91.3406,A,10,98.60331054687501,97.79274414062499,99.76150390625,98.2472265625,100.13860351562501
91.2384,91.443,A,10,98.757080078125,98.95639648437499,101.21284179687501,100.262314453125,100.04356445312501
91.3408,91.5454,A,10,100.427314453125,99.69931640625,100.841796875,99.316796875,98.267080078125
91.4432,91.6478,A,10,99.46723632812501,101.915498046875,99.4949609375,96.9955859375,99.19850585937499
91.5456,91.7502,A,10,100.062001953125,102.71640625,100.63591796875,98.771318359375,103.05296874999999
91.648,91.8526,A,10,102.446962890625,101.247353515625,102.052705078125,101.958125,98.82861328125
91.7504,91.955,A,10,100.79189453125,99.772958984375,101.74728515625,101.351513671875,98.122890625
91.8528,92.0574,A,10,97.689033203125,98.41337890625,103.139501953125,100.25666015625,99.48020507812501
91.9552,92.1598,A,10,99.440498046875,99.829921875,104.8175,99.1831640625,98.012294921875
92.0576,92.2622,A,10,100.36277343750001,101.918388671875,102.765625,99.35225585937499,99.196162109375
92.16,92.3646,A,10,99.470810546875,100.06953125,100.769072265625,100.9697265625,99.425068359375
92.2624,92.467,A,10,101.152529296875,99.064130859375,101.7605078125,102.202841796875,99.866279296875
92.3648,92.5694,A,10,100.061650390625,100.077529296875,99.42734375,101.696904296875,100.229248046875
92.4672,92.6718,A,10,98.548740234375,99.53396484375,97.47914062500001,100.798515625,100.034697265625
92.5696,92.7742,A,10,98.08334960937499,98.386728515625,99.461171875,100.600419921875,101.516171875
92.672,92.8766,A,10,100.05641601562499,98.56935546874999,102.236689453125,99.68953125000002,100.39421875
92.7744,92.979,A,10,101.2362109375,100.85581054687499,101.07790039062499,99.35779296875,97.196748046875
92.8768,93.0814,A,10,101.224541015625,101.09315429687499,97.46615234375,99.04072265625,96.059091796875
92.9792,93.1838,A,10,99.21003906250002,101.310283203125,97.858349609375,100.721279296875,100.58077148437499
93.0816,93.2862,A,10,99.63619140625002,99.88806640624999,98.642255859375,102.98521484374999,103.544677734375
93.184,93.3886,A,10,102.04493164062501,98.533427734375,99.46951171875,101.06453125,101.236484375
93.2864,93.491,A,10,100.631572265625,98.672138671875,97.98969726562501,101.746650390625,99.43044921875
93.3888,93.5934,A,10,100.93683593749999,100.37226562500001,99.67197265625,103.468193359375,101.19822265625
93.4912,93.6958,A,10,101.7956640625,100.20072265625001,99.92701171875001,101.065517578125,102.89066406250001
93.5936,93.7982,A,10,100.35263671875,96.84640625,97.97141601562501,100.7039453125,100.24580078125
93.696,93.9006,A,10,101.86512695312501,96.8273046875,100.413369140625,101.600927734375,99.774013671875
93.7984,94.003,A,10,101.878359375,97.850185546875,99.559482421875,100.3585546875,98.68517578125
93.9008,94.1054,A,10,98.965927734375,100.2115625,100.5494140625,100.738388671875,100.971064453125
94.0032,94.2078,A,10,100.497802734375,101.01208007812501,100.26761718750001,99.83546875,101.2409375
94.1056,94.3102,A,10,100.95529296875,101.810859375,97.80716796875001,99.30554687499999,94.388759765625
94.208,94.4126,A,10,99.289130859375,102.59615234374999,99.909423828125,103.7600390625,93.57491210937499
94.3104,94.515,A,10,98.818740234375,102.78291015624998,100.869990234375,102.527158203125,98.56302734375001
94.4128,94.6174,A,10,100.534345703125,102.809111328125,98.597255859375,99.7130078125,102.1509375
94.5152,94.7198,A,10,99.68515625,101.83762695312501,98.03005859375,99.71125,102.69041992187499
94.6176,94.8222,A,10,98.951064453125,100.374326171875,103.391923828125,100.29923828125001,100.10841796874999
94.72,94.9246,A,10,99.3853515625,97.72753906250001,104.13830078125,104.08763671875,99.558525390625
94.8224,95.027,A,10,99.909912109375,101.289921875,101.16720703125,100.19484375,99.68718750000001
94.9248,95.1294,A,10,101.622314453125,102.67525390624999,101.7827734375,97.32588867187499,98.85505859375
95.0272,95.2318,A,10,101.94957031249999,98.479580078125,101.76416015625,98.391181640625,99.66757812499999
95.1296,95.3342,A,10,101.15354492187501,97.206416015625,99.581455078125,100.08728515625,99.68568359375
95.232,95.4366,A,10,99.529892578125,98.93650390625001,99.176181640625,102.325751953125,101.34208007812501
95.3344,95.539,A,10,98.72673828125,101.990234375,102.14647460937499,100.743505859375,103.62814453125
95.4368,95.6414,A,10,99.924423828125,102.048857421875,102.140341796875,100.4892578125,100.850380859375
95.5392,95.7438,A,10,100.85829101562501,97.2112890625,100.78312500000001,98.076328125,98.60141601562499
95.6416,95.8462,A,10,100.28319335937499,96.2830078125,99.93984375,97.055087890625,100.455751953125
95.744,95.9486,A,10,102.76670898437499,100.40812500000001,100.481474609375,98.36053710937499,100.07859375
95.8464,96.051,A,10,102.81099609374999,101.23008789062499,99.8342578125,100.799072265625,99.86403320312499
95.9488,96.1534,A,10,98.765556640625,101.10892578125,99.6269140625,99.30357421875,102.22751953125
96.0512,96.2558,A,10,98.14662109375001,99.77754882812499,100.3496875,96.339521484375,102.50724609375
96.1536,96.3582,A,10,99.969912109375,98.00902343749999,97.94841796875,98.168525390625,99.364560546875
96.256,96.4606,A,10,97.656591796875,100.721796875,98.47595703124999,97.88155273437499,98.58716796875
96.3584,96.563,A,10,97.42915039062501,101.45241210937499,98.79841796874999,99.06927734375,98.75072265624999
96.4608,96.6654,A,10,101.462431640625,99.58204101562501,99.077021484375,101.526640625,98.62291015624999
96.5632,96.7678,A,10,102.2516015625,101.209453125,100.486025390625,98.6024609375,98.689208984375
96.6656,96.8702,A,10,100.91537109375,102.62796875,101.1622265625,99.944365234375,97.25509765625
96.768,96.9726,A,10,97.284111328125,100.19427734375,100.89177734375,104.00666015624999,98.72191406249999
96.8704,97.075,A,10,97.763681640625,98.10314453125,99.381162109375,99.327734375,101.222138671875
96.9728,97.1774,A,10,99.01435546875,99.952783203125,99.6654296875,96.2853125,101.596044921875
97.0752,97.2798,A,10,97.916533203125,101.271181640625,99.761630859375,97.80956054687499,102.89441406249999
97.1776,97.3822,A,10,98.91817382812499,100.67689453125,99.32146484375,98.341826171875,101.58511718749999
97.28,97.4846,A,10,99.15867187500001,97.76623046875,100.53837890624999,101.636005859375,101.291171875
97.3824,97.587,A,10,100.42041992187501,96.21515625,99.77506835937498,101.72538085937501,99.80416015625
97.4848,97.6894,A,10,101.926611328125,96.852763671875,100.3120703125,98.532421875,97.895703125
97.5872,97.7918,A,10,102.2182421875,98.38629882812499,99.860595703125,99.29466796874999,100.39025390625
97.6896,97.8942,A,10,100.812626953125,100.85386718749999,98.2752734375,99.017646484375,99.42854492187502
97.792,97.9966,A,10,100.55423828125001,99.87615234375,102.675439453125,99.467158203125,98.19889648437501
97.8944,98.099,A,10,101.7530078125,100.02408203125,101.66237304687499,99.310595703125,100.2406640625
97.9968,98.2014,A,10,102.20375,100.956865234375,100.880068359375,97.9264453125,99.74290039062501
98.0992,98.3038,A,10,101.349208984375,102.150751953125,103.269775390625,99.15162109375001,99.746875
98.2016,98.4062,A,10,100.618359375,103.023037109375,102.073671875,99.452412109375,101.122470703125
98.304,98.5086,A,10,99.518720703125,101.281123046875,99.14110351562499,99.2472265625,99.60853515625
98.4064,98.611,A,10,99.470458984375,97.741552734375,99.37598632812501,101.87378906250001,99.032685546875
98.5088,98.7134,A,10,101.392822265625,96.59614257812501,102.437744140625,101.886796875,99.61356445312501
98.6112,98.8158,A,10,97.74771484375,100.614140625,101.787216796875,99.28452148437499,98.382451171875
98.7136,98.9182,A,10,96.597373046875,102.4500390625,101.500615234375,100.09398437499999,99.505966796875
98.816,99.0206,A,10,103.258212890625,101.66662109375,101.5903515625,99.17625000000001,100.25582031249999
98.9184,99.123,A,10,104.402802734375,99.07326171875,101.36578125,99.7412890625,99.5519140625
99.0208,99.2254,A,10,100.80626953125,98.8982421875,100.46260742187499,102.368623046875,102.356201171875
99.1232,99.3278,A,10,99.97767578125,101.627607421875,100.659482421875,102.586982421875,100.5159765625
99.2256,99.4302,A,10,99.1691015625,100.603466796875,101.59151367187499,101.94227539062501,98.79099609375
99.328,99.5326,A,10,100.353134765625,98.847265625,101.578642578125,100.215302734375,100.378466796875
99.4304,99.635,A,10,100.3636328125,98.56654296875,101.03510742187501,97.3317578125,101.843125
99.5328,99.7374,A,10,100.58223632812499,99.99626953125,102.77939453125,98.64775390624999,101.856474609375
99.6352,99.8398,A,10,102.23604492187499,103.84185546875,102.60728515625,100.644052734375,100.343154296875
99.7376,99.9422,A,10,100.30435546875,104.094599609375,101.14921875,100.481025390625,100.04138671875
