,original_index,time_center,true_P1_output1,true_P2_output2,pred_P1_output1,pred_P2_output2
0,361,90.5,4.68e-09,8.69e-09,1.3781714556667077e-08,1.7908002909067633e-08
1,362,90.75,6.25e-09,9.33e-09,1.419080251532732e-08,1.817895949935796e-08
2,363,91.0,3.21e-08,7.22e-09,2.0923110439523927e-08,1.8335283637635556e-08
3,364,91.25,9.3e-09,1.7e-08,1.473594730145322e-08,1.9608025167247778e-08
4,365,91.5,2.5e-08,1.47e-08,1.886366004853611e-08,1.8985409465563956e-08
5,366,91.75,1.71e-08,1.03e-08,1.6126252687028575e-08,1.835681316798046e-08
6,367,92.0,1.97e-09,7.08e-09,1.3649860819695875e-08,1.7665171987183103e-08
7,368,92.25,2.82e-09,1.23e-08,1.3855697779332606e-08,1.835894447204761e-08
8,369,92.5,6.29e-09,4.71e-09,1.4189204587502508e-08,1.7624567257692458e-08
9,370,92.75,5.71e-09,1.1e-08,1.4082606687972989e-08,1.8383287133421942e-08
10,371,93.0,8.8e-10,5.34e-09,1.3458458927531085e-08,1.750983309389568e-08
11,372,93.25,1.08e-08,6.85e-09,1.4695885070472244e-08,1.7606812524441313e-08
12,373,93.5,1.44e-08,2.25e-08,1.5627445887997242e-08,2.0292262772418475e-08
13,374,93.75,5.44e-09,5.5e-09,1.3975156234696094e-08,1.7591618733064737e-08
14,375,94.0,1.45e-09,9.08e-10,1.3623696985027963e-08,1.7304782746027407e-08
15,376,94.25,2.13e-09,1.64e-09,1.3623696985027963e-08,1.7304782746027407e-08
16,377,94.5,3.86e-08,4.23e-08,2.4830659260676447e-08,2.8632217107515653e-08
17,378,94.75,3.58e-09,4.53e-08,1.5747339623464577e-08,2.7494045389621612e-08
18,379,95.0,9.99e-08,5.39e-08,9.031837521339145e-08,3.228806729025734e-08
19,380,95.25,5.08e-08,8.73e-09,3.35344012730157e-08,1.9658140632828855e-08
20,381,95.5,4.02e-09,3.16e-08,1.4648604177694192e-08,2.3182983706262617e-08
21,382,95.75,6.91e-08,5.16e-08,5.4394651275655533e-08,3.3331169643793897e-08
22,383,96.0,3.31e-08,2.32e-08,2.1126394688059186e-08,2.1325146785813622e-08
23,384,96.25,1.29e-08,1.73e-09,1.496590938633011e-08,1.744391710113745e-08
24,385,96.5,3.36e-09,2.2e-09,1.3802950877456536e-08,1.735447943456224e-08
25,386,96.75,3.58e-09,4.06e-09,1.3823656946821543e-08,1.7578833140909848e-08
26,387,97.0,4.77e-09,6.98e-09,1.3823656946821543e-08,1.7578833140909848e-08
27,388,97.25,2.08e-08,4.41e-09,1.6708232920203393e-08,1.775722666190103e-08
28,389,97.5,4.07e-09,1.15e-08,1.3931107400098436e-08,1.8370501541267053e-08
29,390,97.75,6.62e-09,1.68e-08,1.4655967070442635e-08,1.9650180239481683e-08
30,391,98.0,4.53e-08,1.03e-08,2.8710128947026432e-08,1.9407519563746798e-08
31,392,98.25,2.6e-09,4.36e-09,1.3823656946821543e-08,1.7578833140909848e-08
32,393,98.5,7.57e-08,2.3e-08,6.256773957518549e-08,2.45886261732322e-08
33,394,98.75,2.95e-08,1e-08,2.022997360551883e-08,1.863357038604847e-08
34,395,99.0,9.72e-09,1.77e-08,1.473594730145322e-08,1.9608025167247778e-08
35,396,99.25,2.63e-08,3.48e-08,2.1206667966162896e-08,2.4957237831492274e-08
36,397,99.5,3.7e-08,5.4e-08,2.479411806728055e-08,3.6105281181162273e-08
37,398,99.75,3.63e-09,5.2e-09,1.3823656946821543e-08,1.7578833140909848e-08
38,399,99.875,1.05e-09,9.76e-10,1.3623696985027963e-08,1.7304782746027407e-08
